KO_Hierarchy,A1b,A2b,A3b,A4b,A5b,A6b,A7b,A8b,A9b,A10b,A11b,A12b,A13b,A14b,A15b,A16b,B1b,B2b,B3b,B4b,B5b,B6b,B7b,B8b,B9b,B10b,B11b,B12b,B13b,B14b,B15b,B16b,C1b,C2b,C3b,C4b,C5b,C6b,C7b,C8b,C9b,C10b,C11b,C12b,C13b,C14b,C15b,C16b,D1b,D2b,D3b,D4b,D5b,D6b,D7b,D8b,D9b,D10b,D11b,D12b,D13b,D14b,D15b,D16b,E1b,E2b,E3b,E4b,E5b,E6b,E7b,E8b,E9b,E10b,E11b,E12b,E13b,E14b,E15b,E16b,F1b,F2b,F3b,F4b,F5b,F6b,F7b,F8b,F9b,F10b,F11b,F12b,F13b,F14b,F15b,F16b,description
Translation,0.115241159,0.11946287,0.116533952,0.118840463,0.113813479,0.11819052,0.120922737,0.116848212,0.12100617,0.116881913,0.118422219,0.123138742,0.120477931,0.117687554,0.117235673,0.117208355,0.114445486,0.117544489,0.116372882,0.117240611,0.115430323,0.118190368,0.119001639,0.124894822,0.11704699,0.117146651,0.121550951,0.118638851,0.119645587,0.118967626,0.117074893,0.123685612,0.113460157,0.115482704,0.115283046,0.118801292,0.1201855,0.119779447,0.117654057,0.115208074,0.116987904,0.115373949,0.115656081,0.119808719,0.119666311,0.119069827,0.116224556,0.114273682,0.113619807,0.114540581,0.117654637,0.11828259,0.116183393,0.119622654,0.111166267,0.116185482,0.120769943,0.126303315,0.124854137,0.117588499,0.116181335,0.114255227,0.118501786,0.114380956,0.113243208,0.11843655,0.111836728,0.121233208,0.117096179,0.117701691,0.117824235,0.119696145,0.121056536,0.123373826,0.117581081,0.121478102,0.115106384,0.116946762,0.115615521,0.113513669,0.115506582,0.115472249,0.115961065,0.115457957,0.111996551,0.11440202,0.118686569,0.116491147,0.115963046,0.118210217,0.115417808,0.118577032,0.117957879,0.110657351,0.113151916,0.112686889,Genetic Information Processing;Translation
Amino   acid   metabolism,0.108774142,0.109420878,0.109655737,0.110150532,0.107595448,0.112364591,0.115575936,0.112610606,0.115540397,0.112127567,0.113952183,0.117333248,0.114695511,0.11204444,0.11169423,0.10933461,0.106635615,0.10935686,0.112569962,0.111965246,0.112208686,0.114250161,0.113311037,0.118275155,0.112457921,0.111220549,0.115236455,0.113815633,0.113429962,0.113278248,0.109992307,0.116120321,0.107838566,0.107997412,0.112333691,0.113576376,0.114020963,0.112144907,0.110371172,0.109265422,0.110869214,0.110406761,0.110763969,0.11620693,0.113338948,0.113234805,0.10928151,0.109022778,0.110726457,0.109954588,0.114317853,0.111761752,0.109906079,0.114099753,0.105447428,0.112897728,0.116493144,0.12068485,0.119944055,0.112615818,0.11045154,0.106597646,0.110729169,0.108003247,0.107014055,0.110944783,0.109203996,0.114397303,0.111887509,0.113233421,0.113771077,0.113836442,0.115440546,0.117244825,0.112183093,0.115326621,0.111003616,0.111974604,0.10959979,0.10851862,0.110923947,0.108949021,0.111643437,0.109619462,0.108035068,0.110439733,0.112884999,0.111462163,0.112568658,0.111659591,0.110406978,0.113536207,0.108795581,0.106322595,0.107674562,0.106127233,Metabolism;Amino   acid   metabolism
Carbohydrate   metabolism,0.109668713,0.108848991,0.108480144,0.108214532,0.108833264,0.106946882,0.105821288,0.106428561,0.104822605,0.1062287,0.106354252,0.10512871,0.10645994,0.107669046,0.10839001,0.106968362,0.107508965,0.107637198,0.107759307,0.10668391,0.107756256,0.106076088,0.106208907,0.104055264,0.106327867,0.106287317,0.105519548,0.106392344,0.106737871,0.10637618,0.107528405,0.105818241,0.108423393,0.108131686,0.108249827,0.106778325,0.106189131,0.106837003,0.107526122,0.107186593,0.106430873,0.106830112,0.106951655,0.106947788,0.106105056,0.106326084,0.108612228,0.109370082,0.109272835,0.1088068,0.106719863,0.107499961,0.108027291,0.106591157,0.108128167,0.10778389,0.10587357,0.104160923,0.104463137,0.106842142,0.108997647,0.108093264,0.10805007,0.107424176,0.107518623,0.108154481,0.109800185,0.107058698,0.108807626,0.107072579,0.107497499,0.106239045,0.105953115,0.105513968,0.107378124,0.106032355,0.109474755,0.108199564,0.109405021,0.108548193,0.109268529,0.109560135,0.108512735,0.109522512,0.109030301,0.107944484,0.106633196,0.106884851,0.107090165,0.107513353,0.107601145,0.107441771,0.108565459,0.10847556,0.108281278,0.108647041,Metabolism;Carbohydrate   metabolism
Membrane   transport,0.081297297,0.081667187,0.082244237,0.081629921,0.084843464,0.078147559,0.073623013,0.077694607,0.07548034,0.078124482,0.076020942,0.071775279,0.074752713,0.07756873,0.076881377,0.084646787,0.089466387,0.08342041,0.076396369,0.07929127,0.076355655,0.075195613,0.077139067,0.071637166,0.078783966,0.080285179,0.075043553,0.076068952,0.0765134,0.078031514,0.08182707,0.073540438,0.08459287,0.085102176,0.075647286,0.076652399,0.076729542,0.078336847,0.081999795,0.084269543,0.082238777,0.08154354,0.080582182,0.070248752,0.07821643,0.077915617,0.08175867,0.079903537,0.077261543,0.080195382,0.075201564,0.080044594,0.082040683,0.075586503,0.08937821,0.074675898,0.072176577,0.06702463,0.068379495,0.078677788,0.079562772,0.088728047,0.080929405,0.086568962,0.089297442,0.079971787,0.078722077,0.075400728,0.076190742,0.076675755,0.074439647,0.076682671,0.07451281,0.07150017,0.077965269,0.07436059,0.076667912,0.076787268,0.080293125,0.082576454,0.077374306,0.080365449,0.077631178,0.079351587,0.082339201,0.080188772,0.078489419,0.079812624,0.077493164,0.079195834,0.081389534,0.075399668,0.083806079,0.086240928,0.08393238,0.086153701,Environmental Information Processing;Membrane   transport
Replication   and   repair,0.068083189,0.066909775,0.066971104,0.066951028,0.06593955,0.06985781,0.072187163,0.070573813,0.071016341,0.070898785,0.0711333,0.072368243,0.071182752,0.070254984,0.070755358,0.066025591,0.063849919,0.067113889,0.07102842,0.069530596,0.071695609,0.071854964,0.07050583,0.071987455,0.069885864,0.069558266,0.070963721,0.071498264,0.07041772,0.069870044,0.068270092,0.070972967,0.067137881,0.066782269,0.072177838,0.070681532,0.070620184,0.069324804,0.067235994,0.066864109,0.06862342,0.068967118,0.069644462,0.074557607,0.069441121,0.069978882,0.068258955,0.069616412,0.071714513,0.070115632,0.071714699,0.068586231,0.067770295,0.070934284,0.064982283,0.072928929,0.073120852,0.074769441,0.074156692,0.069922616,0.069136779,0.064443877,0.068001826,0.066275118,0.064744112,0.069025773,0.071138293,0.070876178,0.071345482,0.07128776,0.072373868,0.070693305,0.071484371,0.072740321,0.070418922,0.071747575,0.071162866,0.071000519,0.069182355,0.068584119,0.070729792,0.069655434,0.070586951,0.069579015,0.069418135,0.069456507,0.069689424,0.06968987,0.071155021,0.069136332,0.068984053,0.071430224,0.066169356,0.066964191,0.067859444,0.066289234,Genetic Information Processing;Replication   and   repair
Energy   metabolism,0.048574967,0.048553925,0.048617456,0.048958684,0.047015522,0.051446108,0.054193664,0.051935913,0.053798071,0.05196016,0.052920265,0.05521265,0.0532817,0.051477815,0.051413124,0.048208938,0.0458485,0.048652704,0.05204465,0.051191592,0.052099868,0.053447425,0.05241617,0.055622222,0.051616811,0.050940293,0.053599791,0.053066918,0.052431837,0.052078799,0.049646211,0.053909935,0.047785159,0.047834483,0.052323115,0.052480572,0.052669809,0.051355947,0.049223078,0.048516457,0.050266612,0.050277991,0.050690834,0.055453201,0.051991897,0.052045498,0.049089735,0.049429774,0.051271328,0.050213623,0.05318695,0.050479965,0.049084216,0.052761015,0.045590253,0.052877004,0.055030258,0.058080513,0.057327528,0.051603616,0.049911851,0.046065199,0.049599994,0.047556101,0.04662068,0.050242575,0.050192735,0.052943243,0.051546272,0.052439122,0.053171547,0.052565399,0.053729926,0.05530929,0.051531288,0.05381967,0.051088959,0.051638101,0.049596165,0.048760802,0.050811227,0.049545,0.051296435,0.049691776,0.049007783,0.050152911,0.051766897,0.05088289,0.052133719,0.050727326,0.04999484,0.052669042,0.047931315,0.047131804,0.048384861,0.046876731,Metabolism;Energy   metabolism
Lipid   metabolism,0.041080569,0.040245453,0.041455395,0.040388245,0.044243061,0.036884805,0.032851726,0.036501165,0.03428979,0.035938123,0.035379293,0.032251932,0.03492639,0.036992331,0.037228427,0.041611693,0.044852562,0.040371401,0.036687513,0.037600153,0.036397124,0.03450113,0.035769188,0.031647898,0.036988678,0.03727125,0.034095164,0.034778647,0.035968957,0.036446971,0.039251081,0.03379896,0.041999107,0.041277378,0.035451572,0.03574189,0.035232664,0.036917581,0.040480978,0.041762346,0.03775707,0.038772274,0.037725997,0.030554922,0.036835684,0.03622733,0.039960784,0.039586055,0.036942048,0.038053697,0.03500751,0.038276847,0.040316595,0.035333531,0.045208578,0.034053991,0.031657392,0.027500203,0.028915148,0.036702534,0.039293414,0.044312278,0.039088613,0.041995391,0.043634386,0.037686771,0.038827509,0.034535984,0.035741714,0.035085832,0.0341322,0.035040167,0.033505631,0.031159419,0.036238813,0.032983047,0.037761188,0.036363333,0.039016304,0.040344029,0.037186447,0.038164527,0.037252298,0.039152128,0.039957624,0.038843995,0.036441047,0.037525281,0.035652645,0.037672474,0.038646717,0.03529682,0.041498383,0.043326143,0.041160847,0.043412859,Metabolism;Lipid   metabolism
Metabolism   of   cofactors   and   vitamins,0.036777548,0.036920827,0.036853265,0.03724175,0.035532339,0.039265816,0.041650245,0.039599662,0.041416422,0.039640436,0.040500399,0.042587914,0.040884467,0.039271048,0.039231694,0.036576622,0.034544983,0.037000508,0.039618697,0.039030438,0.039650261,0.040874144,0.040084964,0.042986848,0.03934178,0.038806148,0.041157491,0.040650968,0.040137324,0.039849247,0.037751253,0.041553798,0.036048836,0.036214708,0.039802083,0.040169894,0.040416919,0.039140475,0.037404218,0.03677859,0.038230286,0.038179699,0.038494117,0.042573083,0.039765461,0.039824125,0.0372546,0.037456632,0.038863992,0.038110474,0.040660858,0.038514906,0.037234129,0.040384408,0.034160434,0.040313352,0.04230603,0.045041948,0.044383098,0.039393601,0.037945637,0.034697625,0.037797766,0.035982323,0.035123358,0.038301193,0.037928059,0.040669337,0.039274888,0.040053797,0.040637655,0.040263497,0.04127844,0.042654189,0.039305251,0.041381842,0.03882927,0.039349764,0.037593167,0.036845594,0.038563503,0.03756272,0.039005616,0.037664128,0.036975216,0.038002088,0.039542847,0.038754392,0.039692053,0.038634759,0.037954701,0.040335536,0.036341126,0.03532433,0.036434009,0.035149122,Metabolism;Metabolism   of   cofactors   and   vitamins
Nucleotide   metabolism,0.033046113,0.033149891,0.033082702,0.033552139,0.031122503,0.036607112,0.040006342,0.037107272,0.039329666,0.037246595,0.038240649,0.041124531,0.038721307,0.03654677,0.036457105,0.032676459,0.029781514,0.033307487,0.037109822,0.036184871,0.037245248,0.038883822,0.037666331,0.041634061,0.036677768,0.035996937,0.039135373,0.038443238,0.037626656,0.037212856,0.0343741,0.039622715,0.03210501,0.032249901,0.037544582,0.037713724,0.038067928,0.036353037,0.033796913,0.03289192,0.035167479,0.035030008,0.035527924,0.041483235,0.03705384,0.037265813,0.033685963,0.034077837,0.036239189,0.035027327,0.038559773,0.035386307,0.033684169,0.038131071,0.029441367,0.038434647,0.040950755,0.044685213,0.043735308,0.036769666,0.034643221,0.030071,0.034425399,0.031992898,0.030614335,0.035237569,0.034872434,0.038411539,0.036823044,0.037829646,0.038683975,0.038044025,0.039436625,0.041341844,0.036740531,0.039607414,0.036040338,0.036833258,0.03426642,0.033333798,0.035803328,0.034321237,0.036251457,0.034395628,0.033516456,0.034915918,0.036909302,0.035992936,0.037390271,0.035718219,0.034804396,0.038062883,0.032302642,0.031125529,0.032602356,0.030764245,Metabolism;Nucleotide   metabolism
"Folding,   sorting   and   degradation",0.038721861,0.04024736,0.039168751,0.0396761,0.039867559,0.036705811,0.034739938,0.03569528,0.035435595,0.035625567,0.035320491,0.034694832,0.035761336,0.036542125,0.036529688,0.03980963,0.041224075,0.039397396,0.035481879,0.036695852,0.035017802,0.034648501,0.036044167,0.034890772,0.036106982,0.036833768,0.035744616,0.03523194,0.036385644,0.03650261,0.038263172,0.036247363,0.038781567,0.039490715,0.034593994,0.035940483,0.036215809,0.037501425,0.03898702,0.038868859,0.037343665,0.036981332,0.036577929,0.032862349,0.036908095,0.036484287,0.038528394,0.037408784,0.035137441,0.036632571,0.034693605,0.037788405,0.038468037,0.035910938,0.040233315,0.034175875,0.033784079,0.0326769,0.032959759,0.036255961,0.03767311,0.040917308,0.038740989,0.039294806,0.039982747,0.037992142,0.035702316,0.036305398,0.035956231,0.035364187,0.034630761,0.035997409,0.035258926,0.034483102,0.036271531,0.035273338,0.035976821,0.035997972,0.03768458,0.037710533,0.036231627,0.037613117,0.036084116,0.037600002,0.036951822,0.036620263,0.036566782,0.036574438,0.035015254,0.037428592,0.037159421,0.035578954,0.040399345,0.038516489,0.038199905,0.039650726,"Genetic Information Processing;Folding,   sorting   and   degradation"
Signal   transduction,0.027505877,0.027154701,0.027150654,0.026825189,0.028093515,0.02623096,0.0248227,0.02655379,0.024707565,0.026699636,0.025628489,0.023735464,0.024885156,0.026245269,0.026216883,0.027597586,0.028977745,0.027461009,0.026274324,0.026577928,0.026571513,0.025722189,0.025933924,0.023448565,0.026577914,0.027026599,0.024945735,0.025673725,0.02555092,0.02573646,0.027229195,0.02402912,0.028563153,0.028323252,0.026686258,0.025710085,0.025385427,0.0263744,0.026970748,0.027671922,0.027400963,0.027405339,0.027446985,0.0248611,0.025736562,0.025833581,0.027463574,0.027767799,0.027292585,0.027585406,0.025646112,0.026377755,0.027412688,0.025470043,0.029923125,0.026524484,0.024582914,0.022409545,0.022765396,0.026245222,0.026837659,0.02889232,0.026728533,0.028393833,0.028892394,0.026721096,0.027936317,0.025027547,0.026644354,0.026103346,0.02581411,0.025677252,0.024892106,0.023991935,0.026536214,0.024872077,0.026673441,0.026423603,0.027442882,0.028286497,0.027103139,0.027901736,0.026602868,0.027421122,0.028650185,0.027515887,0.026043367,0.02684239,0.026637391,0.026537834,0.027407608,0.025511267,0.027518171,0.0296113,0.028898793,0.029505384,Environmental Information Processing;Signal   transduction
Transport   and   catabolism,0.023797322,0.023780184,0.023735409,0.023937428,0.022859992,0.025284021,0.026790442,0.025497545,0.026296009,0.025533617,0.025929642,0.027120767,0.026130856,0.02527814,0.025216135,0.023391494,0.022106818,0.023683948,0.025607806,0.025012367,0.025644483,0.026262809,0.025635997,0.02727609,0.025242357,0.02492283,0.026269351,0.026005737,0.025617497,0.025400203,0.024197501,0.026484834,0.023327906,0.023277142,0.025941018,0.025709956,0.025751848,0.025106804,0.023937017,0.023465715,0.024559396,0.024478358,0.02474631,0.027673384,0.025246688,0.025461642,0.0239992,0.024376663,0.025330149,0.024649749,0.026161788,0.024691324,0.023972348,0.025920476,0.022045634,0.026356827,0.027242373,0.02877313,0.028340568,0.025307535,0.024470646,0.022290465,0.024311091,0.023165981,0.022492195,0.024693064,0.024709913,0.026009831,0.025648263,0.025862877,0.026364352,0.025856334,0.026523164,0.027361369,0.025400595,0.026562555,0.025202612,0.025502015,0.024384813,0.023945319,0.025255833,0.024504949,0.025235028,0.024446534,0.024006957,0.02466874,0.025364893,0.025038694,0.02572231,0.024911174,0.02448924,0.025944834,0.023331719,0.022864082,0.023524655,0.022742931,Cellular Processes;Transport   and   catabolism
Xenobiotics   biodegradation   and   metabolism,0.023473045,0.02306628,0.023987809,0.023393193,0.025110552,0.021808475,0.020104279,0.021655121,0.021186818,0.021237528,0.021342524,0.020237307,0.021257296,0.021908558,0.021866496,0.024207047,0.025665478,0.023385067,0.021707952,0.022280872,0.021456205,0.020818316,0.021486113,0.02017687,0.02202593,0.021952075,0.020902252,0.020913201,0.021678777,0.021995789,0.022862235,0.02085432,0.023932672,0.023645902,0.020799012,0.021448929,0.021365646,0.021847817,0.023582571,0.024188866,0.022371091,0.022684776,0.022146726,0.018621667,0.022280861,0.021804974,0.022984766,0.022423337,0.021430232,0.022042122,0.021188333,0.022640548,0.023347474,0.021256969,0.025462113,0.019998923,0.019606422,0.018101663,0.018815254,0.021928678,0.022776746,0.025275103,0.022807059,0.024194051,0.025197587,0.022022413,0.022207529,0.020982883,0.020805948,0.02096808,0.020320761,0.021140872,0.020519221,0.019465471,0.021401517,0.020243612,0.021924713,0.02135137,0.02249113,0.023052432,0.021414976,0.021638826,0.021872123,0.0224121,0.022714397,0.022527914,0.021857423,0.022040055,0.021195792,0.022126679,0.022552245,0.021085293,0.023869359,0.024427527,0.023412405,0.024324851,Metabolism;Xenobiotics   biodegradation   and   metabolism
Cellular community - prokaryotes,0.022634999,0.023251039,0.022915173,0.023032662,0.023405748,0.021622086,0.020304886,0.021180255,0.020739036,0.021238516,0.020820047,0.019924538,0.020702536,0.021427755,0.021249578,0.023478941,0.024724086,0.02320258,0.020890514,0.021712395,0.020720351,0.020464208,0.021220039,0.019971516,0.021499749,0.022005,0.020824292,0.020790177,0.02118392,0.021445759,0.022610252,0.020653392,0.023188276,0.023571381,0.020522084,0.021044021,0.021223049,0.02188849,0.022888367,0.02312187,0.022497089,0.022226847,0.022002022,0.019251239,0.021568701,0.021464475,0.02266563,0.021958305,0.020966816,0.021875871,0.020436877,0.022181831,0.022684437,0.020914519,0.024410817,0.020313629,0.01978907,0.018661833,0.018928266,0.02154471,0.022023875,0.024526864,0.022637396,0.023685922,0.024365544,0.022276258,0.021285846,0.021018709,0.021061958,0.020980595,0.02040381,0.021167264,0.020623275,0.019946594,0.021462811,0.020615414,0.021001547,0.021101263,0.022211456,0.022557921,0.021310989,0.02224442,0.021273249,0.021977716,0.022288456,0.021887474,0.021668698,0.021776836,0.020998722,0.022048273,0.02227263,0.020768298,0.023613118,0.023336211,0.022940363,0.023739503,Cellular Processes;Cellular community - prokaryotes
Transcription,0.019367927,0.019728526,0.019511118,0.019800189,0.018612529,0.020696277,0.021887321,0.020676871,0.021440604,0.020739648,0.021060262,0.022146489,0.021278583,0.020543042,0.020359806,0.0193406,0.018393936,0.019552865,0.02070358,0.020374739,0.020610748,0.021274637,0.020897956,0.022378087,0.020573383,0.020359081,0.021522959,0.021143752,0.020866281,0.020767406,0.019825158,0.02176665,0.019032836,0.0191674,0.020942158,0.020931633,0.021038542,0.020631799,0.019704939,0.019200042,0.020231385,0.019920507,0.020128606,0.022454074,0.020660973,0.020829729,0.019617797,0.019692104,0.020341733,0.01997453,0.021177932,0.020293242,0.019659344,0.021145349,0.01803469,0.021297311,0.022210882,0.02357549,0.023172695,0.020698585,0.019906051,0.018544653,0.020053154,0.019085308,0.018673043,0.020347922,0.019692251,0.021320725,0.020886268,0.021101308,0.02140134,0.021173119,0.021743384,0.022442847,0.02074236,0.021799582,0.020249264,0.020719927,0.019883302,0.019459188,0.020533605,0.020010161,0.020484643,0.019824611,0.01935365,0.020035723,0.020817764,0.02045325,0.02096109,0.020480543,0.020022181,0.021090243,0.019369007,0.018503733,0.019098068,0.01853995,Genetic Information Processing;Transcription
Enzyme   families,0.021112823,0.020438267,0.020505632,0.020293794,0.021120518,0.020559009,0.020344849,0.020943527,0.019988465,0.020962852,0.020528601,0.019703186,0.020196355,0.020771897,0.020933448,0.020235218,0.020425288,0.020400413,0.021047037,0.02059766,0.021356599,0.020740094,0.020468214,0.019378115,0.020699092,0.020654424,0.020001328,0.020662329,0.020258336,0.02014261,0.020554339,0.019628039,0.021228724,0.020717613,0.021705189,0.020559651,0.020107658,0.020319959,0.020298829,0.020519833,0.020621286,0.020771657,0.021021007,0.021217059,0.019982597,0.020191872,0.020909088,0.02178216,0.021790874,0.021317746,0.0207959,0.02037088,0.020784724,0.0204422,0.021262388,0.021709096,0.02051037,0.019596041,0.019668509,0.020527104,0.020978724,0.020497666,0.020463361,0.020614331,0.020511011,0.02062056,0.022112134,0.020093477,0.021516231,0.020843627,0.021145268,0.020310399,0.020190393,0.019998069,0.020889714,0.020209644,0.021505512,0.02108623,0.021226723,0.021435026,0.021693881,0.021618695,0.02110989,0.021304591,0.021835098,0.021352023,0.020294672,0.020762052,0.021123846,0.020580876,0.02092467,0.020706852,0.020371755,0.021664095,0.021480124,0.021499602,Metabolism;Enzyme   families
Metabolism   of   terpenoids   and   polyketides,0.018196999,0.017252933,0.017902841,0.017381166,0.018964345,0.016650471,0.015480005,0.016711034,0.016226981,0.016489347,0.01661257,0.01577809,0.016514871,0.017018092,0.01745732,0.017726996,0.018416756,0.017479782,0.016966743,0.016999772,0.017057638,0.016302017,0.016608129,0.015493293,0.016801674,0.01678638,0.016044232,0.016358291,0.016816133,0.016715409,0.017376626,0.015971373,0.01804988,0.017586376,0.016381748,0.01654805,0.016450654,0.016784253,0.017632621,0.018055632,0.016469984,0.017323329,0.017018085,0.014863686,0.01688986,0.016523507,0.017538114,0.01756795,0.01712676,0.017057314,0.016434202,0.016897719,0.017520148,0.016417666,0.018743827,0.015837062,0.015229161,0.014163123,0.014639576,0.016570133,0.017544371,0.018139922,0.017046753,0.0176423,0.017967541,0.016569073,0.017944664,0.016033574,0.016171696,0.016097399,0.015914645,0.016102038,0.015620622,0.015044649,0.016358504,0.015522034,0.017504407,0.016698333,0.01724383,0.017559998,0.016567508,0.016667621,0.016941692,0.017416259,0.017629754,0.017179917,0.01637379,0.016651311,0.016244323,0.016695102,0.016977754,0.016496053,0.017592791,0.018615379,0.017883832,0.018400973,Metabolism;Metabolism   of   terpenoids   and   polyketides
Glycan   biosynthesis   and   metabolism,0.017323707,0.016279907,0.016433096,0.015947209,0.01692804,0.01611935,0.015347611,0.016325834,0.014362504,0.016537844,0.015660136,0.014090801,0.015061549,0.016269747,0.016490884,0.015979902,0.016643341,0.016267225,0.016584454,0.016060838,0.017011436,0.015822572,0.015564239,0.013360237,0.016112113,0.016351157,0.014759209,0.015714459,0.01534473,0.015336911,0.016365157,0.014080757,0.017537691,0.017119994,0.017469698,0.01562415,0.015223181,0.015583892,0.015952702,0.016372718,0.01646367,0.016650576,0.016870686,0.016344723,0.014977977,0.015517923,0.016917283,0.017745863,0.018106397,0.017638561,0.01600602,0.01593894,0.016669233,0.015531077,0.018012341,0.017568234,0.015409569,0.013502882,0.0137443,0.016128636,0.016839743,0.017000643,0.016159737,0.017054168,0.017040675,0.016494456,0.018512525,0.015234203,0.017440546,0.016495564,0.016694807,0.015682479,0.015229704,0.014579512,0.016628352,0.01527501,0.017442386,0.016938975,0.017451383,0.017886288,0.017749584,0.017961594,0.01696591,0.017561606,0.018428654,0.017322275,0.015790228,0.016645247,0.016947417,0.016327886,0.01704124,0.016066874,0.016358184,0.018238636,0.017696181,0.017820393,Metabolism;Glycan   biosynthesis   and   metabolism
Metabolism   of   other   amino   acids,0.017592587,0.017312786,0.017554645,0.0173435,0.017905414,0.016945388,0.016365323,0.016895787,0.016403628,0.016861866,0.016695442,0.016121508,0.01655847,0.01696429,0.017009133,0.017497257,0.01801283,0.017393168,0.016972558,0.017017948,0.01696218,0.016604231,0.016709207,0.015934268,0.016941302,0.016978764,0.016395502,0.016648715,0.016705719,0.01684619,0.017249162,0.016318818,0.017754111,0.017612762,0.016964597,0.016774083,0.016640395,0.016789036,0.01733314,0.01758561,0.017094112,0.017217432,0.017084656,0.016211034,0.016779676,0.016816101,0.017405093,0.017459776,0.017202912,0.017317685,0.016739842,0.017143591,0.017436179,0.016658848,0.01815155,0.016785242,0.016266011,0.015495461,0.015717344,0.016974024,0.017340499,0.01799183,0.017237992,0.017744532,0.017988741,0.017135313,0.017456157,0.016598929,0.016986188,0.016828043,0.016692759,0.016674002,0.016443849,0.016065835,0.016944256,0.016406413,0.017189429,0.016998382,0.017374754,0.017571309,0.017200854,0.017337207,0.017136503,0.017383191,0.017596284,0.017323377,0.016869141,0.01709576,0.016937836,0.017042337,0.01730654,0.016772842,0.017503021,0.017923819,0.017570105,0.017803822,Metabolism;Metabolism   of   other   amino   acids
Metabolism,0.016413885,0.016031869,0.016533861,0.016183297,0.017358776,0.01550955,0.014535328,0.015562245,0.014999315,0.015427227,0.015227881,0.01438276,0.015016824,0.01550228,0.015579904,0.016673737,0.017478149,0.016284661,0.015531634,0.015790529,0.015503011,0.01509255,0.015294398,0.014233805,0.015672833,0.015671456,0.014815995,0.015071667,0.015287314,0.015481647,0.016087327,0.014664724,0.016816479,0.016536359,0.0152519,0.015320901,0.015083955,0.015454182,0.016303467,0.01678355,0.015722258,0.016093602,0.015783713,0.013959063,0.015571734,0.015387868,0.016196365,0.016202334,0.0155821,0.015834676,0.015190425,0.015819329,0.016328321,0.015121972,0.017661148,0.01485598,0.014278408,0.013174748,0.013568088,0.015527027,0.016053647,0.017333778,0.015922402,0.016843052,0.017297352,0.015572175,0.016070407,0.014852193,0.015133068,0.01511442,0.014857068,0.015033832,0.014653407,0.0140338,0.015342348,0.014487376,0.015744823,0.015400902,0.015954004,0.016424415,0.015537146,0.015772663,0.015627104,0.015990952,0.016381944,0.016084086,0.015409233,0.015736379,0.015373534,0.015588862,0.015994736,0.01515032,0.016421764,0.017298041,0.016665715,0.017160956,Unclassified;Metabolism
Biosynthesis   of   other   secondary   metabolites,0.015276281,0.015174029,0.015095839,0.01513827,0.014719347,0.015537005,0.01604133,0.015538175,0.015662554,0.015513588,0.015724311,0.016083188,0.015815811,0.015626034,0.0156776,0.014744604,0.014258313,0.014959875,0.015772464,0.015391049,0.015782157,0.015824478,0.015577397,0.016022843,0.015434981,0.015273883,0.015777828,0.015758378,0.015640409,0.015504172,0.015132583,0.015909531,0.014895854,0.014837946,0.015981175,0.015686466,0.015657189,0.015450152,0.015048727,0.01475638,0.015180741,0.015142017,0.015298283,0.016563277,0.015404375,0.01552773,0.015183677,0.01541464,0.015877833,0.015516924,0.015898494,0.015388679,0.015127786,0.015758828,0.014285298,0.016097208,0.016257687,0.016699786,0.016551283,0.015558604,0.015441711,0.014422484,0.015279285,0.014707964,0.014459275,0.015471666,0.015667495,0.015903058,0.015954839,0.015823513,0.016071514,0.01571805,0.015969127,0.016270085,0.015669189,0.015996942,0.015819126,0.015811402,0.015482908,0.015172187,0.015836041,0.015520419,0.01572368,0.015508165,0.015234283,0.015393527,0.015531952,0.015428498,0.015748437,0.01546809,0.015287909,0.015878753,0.01492315,0.014663985,0.014916107,0.014618516,Metabolism;Biosynthesis   of   other   secondary   metabolites
Cell   motility,0.013221783,0.013328973,0.012930513,0.012892038,0.013377633,0.012522964,0.011543119,0.012777998,0.011190677,0.01302466,0.011930493,0.010418368,0.011262705,0.0124189,0.012296728,0.013432969,0.014577321,0.013542689,0.012416049,0.01272841,0.012689562,0.01214337,0.012242754,0.010230029,0.012746709,0.013278217,0.011464716,0.012088523,0.011806142,0.012026879,0.013270556,0.010677274,0.014290701,0.014340592,0.013015983,0.012037579,0.011871648,0.012677351,0.012941846,0.013471474,0.013738991,0.013420047,0.013572313,0.011788625,0.011939549,0.012216402,0.013450408,0.013724073,0.013395554,0.013802322,0.011975325,0.012563373,0.013382188,0.011916458,0.015395101,0.013085822,0.011381795,0.009678269,0.009838618,0.012526247,0.012816631,0.014579896,0.012900441,0.014211685,0.014504732,0.013124208,0.013766181,0.011643196,0.013088911,0.012593853,0.012355218,0.012224389,0.011586543,0.010955014,0.012928392,0.011636643,0.0126373,0.012675237,0.013503692,0.014167621,0.013374321,0.01419728,0.012778585,0.013513107,0.014562296,0.013534127,0.012388159,0.013080209,0.01298114,0.012790275,0.013569078,0.011872662,0.013477793,0.0150323,0.014692771,0.015099406,Cellular Processes;Cell   motility
Infectious   diseases,0.009200621,0.009509587,0.009489228,0.009767676,0.008521588,0.011095757,0.012715622,0.011259485,0.012496811,0.011266081,0.011807336,0.013289175,0.01204718,0.010929099,0.010693933,0.009369009,0.008104516,0.009518153,0.011174699,0.010836885,0.011081525,0.012075697,0.01156911,0.013679922,0.011145218,0.01075374,0.012392626,0.011872968,0.011507574,0.011385602,0.009958607,0.012631715,0.008864175,0.008952535,0.011291389,0.011558661,0.011718969,0.011010289,0.00984735,0.009360392,0.010467056,0.01027803,0.0104618,0.013255341,0.011323821,0.011402229,0.009560104,0.009598779,0.010463165,0.0099798,0.011891763,0.010539887,0.00969091,0.011775408,0.007648258,0.011682709,0.013134258,0.015055131,0.014584665,0.011162549,0.009958094,0.008156661,0.010079871,0.008927814,0.008437321,0.010367839,0.009697796,0.011865114,0.010983362,0.011548099,0.011907927,0.011757151,0.012501628,0.013418647,0.011063866,0.012541297,0.010402196,0.010968077,0.009748486,0.009320617,0.010528976,0.009737284,0.010719789,0.00968869,0.00923383,0.010197333,0.011310037,0.010750424,0.011391746,0.010709735,0.0101419,0.011631567,0.009133975,0.008309839,0.008995354,0.008222428,Human Diseases;Infectious   diseases
Poorly   characterized,0.012153684,0.012134193,0.01237056,0.012308626,0.012360882,0.012441123,0.012532134,0.012457026,0.012702869,0.012420781,0.012531469,0.012760521,0.012566977,0.012328418,0.012285878,0.012416826,0.012314621,0.012260011,0.012402894,0.012448341,0.012333062,0.012545446,0.012484286,0.012835178,0.012493661,0.012397086,0.012598771,0.012457398,0.012489773,0.01253918,0.012305373,0.012656527,0.012198302,0.01213647,0.012233028,0.012470412,0.012455241,0.012426279,0.012407183,0.012443687,0.012251687,0.0124137,0.012273849,0.012343726,0.012586313,0.012503071,0.012194897,0.012121285,0.012091201,0.012071973,0.012486858,0.012359221,0.012306381,0.012506614,0.012188496,0.012193331,0.012524765,0.012756952,0.012768195,0.012424352,0.012245651,0.0122962,0.01225626,0.012280688,0.012277162,0.012168398,0.012043075,0.012390414,0.012085913,0.012342519,0.012321651,0.012450927,0.01251485,0.012561705,0.012268247,0.012450103,0.012194812,0.012273184,0.012069289,0.012150188,0.012119673,0.011944493,0.012275082,0.012107083,0.012039797,0.012295207,0.012440682,0.012402792,0.012381342,0.012329244,0.012257015,0.012416788,0.012197842,0.012218515,0.012152431,0.012138516,Unclassified;Poorly   characterized
Genetic   information   processing,0.009979086,0.009536685,0.009824748,0.009684814,0.009695219,0.010438681,0.010821092,0.010607253,0.010839411,0.010716905,0.010771519,0.011013955,0.010727535,0.01051347,0.010578051,0.009726339,0.009314518,0.009776991,0.010607328,0.010398558,0.010755126,0.010849209,0.010599057,0.010952532,0.010507433,0.01049593,0.010714022,0.010732867,0.010614203,0.010484766,0.010075161,0.010579052,0.009832211,0.009719338,0.010599865,0.010486057,0.010575014,0.010282168,0.009932284,0.009944683,0.010104707,0.010447049,0.010471789,0.010992648,0.010442421,0.010481148,0.009948166,0.010103287,0.010577266,0.010207161,0.010699345,0.010010931,0.00986841,0.010570425,0.009564041,0.01071138,0.010903514,0.01126443,0.011197487,0.010391277,0.01009744,0.009380526,0.009798614,0.009741529,0.009506588,0.009929739,0.010569347,0.010407456,0.010246531,0.01052966,0.010684156,0.01052915,0.010625733,0.010836211,0.010362695,0.010667388,0.010482307,0.010464634,0.009971459,0.010040201,0.010165782,0.009916304,0.010378803,0.010087955,0.010211234,0.010270179,0.010378126,0.01036605,0.010608592,0.010195876,0.010156589,0.010624804,0.009517052,0.009961568,0.010016792,0.009738644,Unclassified;Genetic   information   processing
Endocrine   system,0.008735687,0.008618077,0.0086169,0.008490883,0.008996029,0.007838655,0.007102654,0.007696009,0.007129033,0.007658577,0.007482138,0.006878994,0.007428078,0.007913161,0.008014663,0.008535211,0.009080137,0.008461314,0.007826981,0.007865665,0.00780043,0.0073457,0.007580631,0.006684104,0.007757694,0.007885811,0.007247902,0.00741592,0.007641836,0.007653509,0.008290526,0.007200864,0.00877245,0.008690954,0.007767892,0.007592411,0.007465852,0.007903904,0.008384598,0.008510173,0.00797931,0.008098596,0.008004083,0.006928425,0.007669007,0.007642573,0.008510302,0.008510825,0.008097399,0.008231389,0.007442329,0.008057297,0.008438034,0.007524375,0.009220537,0.007568541,0.006926263,0.006104123,0.006306036,0.007754022,0.008360984,0.009089984,0.008305086,0.008673213,0.008885591,0.008139313,0.008402353,0.007475046,0.007934919,0.007585348,0.007488612,0.007485922,0.007203956,0.006831828,0.007811119,0.007183715,0.008179752,0.007902735,0.008459468,0.008569442,0.008170065,0.008438342,0.008029413,0.008475817,0.008548903,0.008213014,0.007719057,0.007919378,0.007681498,0.008029227,0.008172287,0.007611151,0.008742795,0.008982536,0.008672717,0.009054486,Organismal Systems;Endocrine   system
Cellular   processes   and   signaling,0.007315163,0.006888837,0.007017386,0.006814341,0.007425553,0.00698183,0.006684759,0.007186489,0.006489849,0.007306383,0.006859091,0.006152734,0.006545983,0.007037215,0.007090251,0.007020428,0.007350921,0.007076251,0.007150584,0.007055126,0.007377927,0.006959814,0.006818821,0.005908583,0.007066447,0.007211678,0.006452842,0.006902476,0.006676266,0.006709499,0.007121045,0.006125321,0.007619513,0.007405117,0.007514446,0.006821634,0.006641654,0.006742293,0.006888922,0.007177342,0.007231534,0.007309341,0.007375253,0.006988954,0.006581021,0.006779111,0.007270386,0.007702705,0.007687038,0.00758294,0.006959272,0.006872602,0.007177475,0.006737556,0.007924526,0.00754461,0.006660603,0.00586388,0.005974686,0.006995491,0.007199886,0.007409251,0.006934217,0.007502801,0.007488408,0.007041495,0.007934077,0.006534066,0.007387351,0.007102764,0.00715764,0.006793982,0.006594129,0.006309759,0.007162049,0.006585668,0.007444477,0.007234427,0.007394167,0.007729021,0.007531507,0.007690929,0.007245639,0.007431704,0.007975964,0.007546262,0.006852071,0.007300238,0.007353504,0.006983566,0.007376108,0.006920447,0.006981643,0.007986738,0.007751399,0.007825529,Unclassified;Cellular   processes   and   signaling
Cell growth and death,0.007156706,0.006981642,0.00706505,0.006966073,0.007205401,0.006952218,0.006810333,0.007030529,0.006740445,0.007040712,0.006917535,0.006637761,0.006799371,0.006993427,0.006990951,0.007008837,0.007191733,0.007032922,0.007052776,0.006998379,0.00709955,0.006929915,0.006935653,0.006555086,0.00703434,0.00703261,0.006780165,0.006957483,0.006862397,0.006893339,0.007049126,0.00662624,0.007253944,0.007164073,0.007164429,0.006924312,0.006853072,0.006911022,0.007001004,0.007134118,0.007119796,0.007126001,0.007140801,0.00693982,0.006838767,0.006895873,0.007107939,0.007191207,0.007238732,0.007186301,0.006959703,0.006969911,0.007098918,0.006855717,0.007366994,0.007133044,0.00682655,0.006502356,0.006566676,0.007001621,0.007063138,0.007193164,0.006986484,0.007185645,0.007254449,0.007019988,0.007302963,0.006793268,0.007109667,0.006996522,0.007007636,0.006892917,0.006811541,0.006684468,0.007048649,0.006824383,0.007097594,0.007035596,0.007164085,0.00725482,0.007177827,0.007178714,0.007092292,0.007122714,0.007332606,0.007165932,0.00695683,0.007048121,0.007069152,0.007001404,0.007133032,0.006922946,0.007036996,0.007411917,0.007255444,0.007289439,Cellular Processes;Cell growth and death
Drug   resistance,0.005373182,0.005182421,0.005236174,0.005110708,0.005476503,0.004992809,0.004605971,0.005029423,0.004538375,0.005122024,0.00480171,0.004271829,0.004606024,0.004993566,0.00501925,0.005347019,0.005722796,0.005339215,0.004960062,0.005071094,0.005077918,0.004787511,0.004839478,0.004135489,0.005027149,0.005197011,0.004567663,0.004804223,0.00476993,0.00485239,0.005257111,0.004349778,0.005616437,0.005594269,0.005074447,0.004809414,0.004782852,0.004887054,0.005157599,0.005393854,0.0052889,0.005302304,0.005289415,0.004553675,0.00479875,0.004893861,0.005330743,0.005383201,0.005310158,0.005412082,0.0048032,0.005041871,0.005289005,0.004739982,0.005998332,0.005063591,0.004513635,0.003879562,0.003994464,0.005014523,0.005182309,0.005719259,0.005121998,0.00565912,0.005774699,0.00515395,0.005498785,0.004676943,0.005097187,0.004984646,0.004873712,0.004853599,0.004613853,0.004318853,0.005078872,0.004629365,0.005147701,0.005075649,0.005325693,0.005580033,0.00519221,0.005442765,0.005094779,0.005335635,0.005689974,0.005311702,0.004934047,0.005199235,0.005101684,0.00505815,0.005351854,0.004823823,0.005314257,0.005843536,0.005623676,0.0057523,Human Diseases;Drug   resistance
Cancers,0.005377221,0.005501817,0.005477685,0.005524876,0.005499921,0.005419971,0.005393229,0.00538459,0.005522559,0.005410617,0.005384512,0.005446612,0.005438595,0.005389779,0.005357915,0.005602171,0.005642401,0.005554167,0.005315169,0.00545975,0.005277785,0.005362911,0.005430834,0.005504761,0.005421752,0.005470474,0.005447108,0.005391702,0.005460923,0.00550483,0.005504518,0.005505423,0.00544141,0.005523088,0.005229611,0.005435454,0.005464203,0.005458266,0.005506463,0.005555716,0.005491596,0.005456177,0.005396205,0.005199233,0.005529513,0.005492242,0.005460264,0.005339235,0.005202362,0.005346915,0.005336879,0.005492377,0.005460077,0.005405326,0.00551266,0.005211093,0.005334612,0.005387119,0.005379264,0.005425567,0.005395639,0.005613721,0.005491308,0.005563229,0.005618107,0.005457247,0.005203819,0.005451809,0.005267027,0.005354097,0.005277192,0.005435537,0.005408277,0.00538801,0.005376808,0.005413795,0.005261085,0.005330045,0.00536052,0.00538519,0.005259115,0.00534884,0.00532718,0.005336297,0.005331123,0.005339021,0.005460867,0.005432754,0.005318144,0.005415375,0.005418118,0.005371577,0.00554252,0.005408735,0.005419708,0.005449599,Human Diseases;Cancers
Aging,0.0041339,0.004039907,0.004088275,0.004050211,0.004170864,0.004052112,0.003995139,0.004061112,0.004022311,0.004080845,0.004047537,0.003976329,0.004031723,0.004083899,0.004117062,0.004058188,0.004092735,0.004068714,0.004081882,0.004060952,0.004106179,0.004042369,0.004035264,0.003928408,0.004045078,0.004070403,0.003985512,0.004054202,0.004048236,0.004040062,0.004083787,0.003977436,0.004124552,0.004083262,0.004083009,0.004033081,0.004021326,0.004013103,0.00406292,0.004104198,0.004020353,0.004093878,0.004075363,0.003995056,0.004019134,0.004030443,0.004102877,0.004156244,0.004119226,0.004100597,0.004035875,0.004029359,0.004065567,0.004018266,0.004140126,0.00406266,0.003975071,0.003887543,0.003911037,0.004033989,0.004099603,0.004095257,0.004039535,0.004100558,0.004094535,0.004037508,0.00418158,0.00399199,0.004048044,0.004025857,0.004038441,0.004007066,0.003974525,0.003944263,0.004042618,0.003977911,0.004130682,0.004073216,0.004083667,0.004118468,0.004078295,0.004095329,0.004084435,0.00410234,0.004151181,0.004097359,0.00402337,0.004072915,0.004044975,0.004036784,0.0040688,0.004059438,0.00405522,0.004163005,0.004123415,0.004144434,Organismal Systems;Aging
Nervous   system,0.003325499,0.003379147,0.003399948,0.003426115,0.003316553,0.003442233,0.003546863,0.003431027,0.003604172,0.003395748,0.003498692,0.003663744,0.003556807,0.003435037,0.003410377,0.003396977,0.003307094,0.003374817,0.003433643,0.003442199,0.003392819,0.003491096,0.003482692,0.00372172,0.00344138,0.003390672,0.003574984,0.003489046,0.003512283,0.003517775,0.003373751,0.003640485,0.003274802,0.003292343,0.003364052,0.003492947,0.003527311,0.00345814,0.00342571,0.003377384,0.003381824,0.003364619,0.003358326,0.003493156,0.003529677,0.003501346,0.003335616,0.003279321,0.003300626,0.003304381,0.003495041,0.003451927,0.00337081,0.003515695,0.003192662,0.003358987,0.003566452,0.003754968,0.003733595,0.003453921,0.003373851,0.003287411,0.003409401,0.003303768,0.003299282,0.003391824,0.003248297,0.003536023,0.003354977,0.003438839,0.00343234,0.003501235,0.003554794,0.003620634,0.003412707,0.003544533,0.003340009,0.003391483,0.003310224,0.003266902,0.003328147,0.003251179,0.003391937,0.003310059,0.003212539,0.003337884,0.003475813,0.003390972,0.003397023,0.003420152,0.003351214,0.003469824,0.003367611,0.003195415,0.003242195,0.003210725,Organismal Systems;Nervous   system
Neurodegenerative   diseases,0.001678707,0.001717024,0.001768003,0.001805184,0.001558306,0.002162183,0.002536418,0.002232252,0.002522478,0.002253372,0.002341929,0.002664174,0.002373503,0.002116034,0.002038961,0.00179921,0.001530349,0.00180569,0.002168406,0.002134831,0.002160564,0.002410042,0.00228784,0.002765037,0.002213182,0.002135567,0.00246276,0.002348509,0.002259115,0.002254448,0.001910716,0.002482994,0.001671991,0.001692545,0.002187443,0.002270791,0.002316177,0.002117906,0.001863483,0.001806797,0.002074583,0.002033435,0.002059535,0.002613799,0.002241983,0.002261067,0.001792944,0.001778614,0.001997455,0.001908509,0.002358337,0.002029283,0.00183323,0.002305619,0.001446921,0.002285532,0.002627284,0.003050297,0.002954497,0.002203382,0.001863383,0.001530361,0.001894826,0.001733808,0.001635562,0.001965573,0.001830928,0.002311742,0.00208154,0.002274939,0.002325006,0.002330196,0.002482125,0.00266932,0.002153615,0.002491616,0.001960496,0.002109448,0.001812597,0.001769283,0.0019731,0.001799017,0.00205349,0.001796179,0.001763929,0.001962635,0.002225687,0.002119451,0.002250623,0.002055303,0.001969705,0.002267333,0.001672007,0.001576709,0.001707648,0.001506537,Human Diseases;Neurodegenerative   diseases
Endocrine   and   metabolic   diseases,0.002919286,0.002869425,0.002915049,0.002888202,0.002950866,0.0028868,0.002853249,0.002901151,0.002859065,0.002890329,0.002885311,0.002840187,0.002868837,0.002888453,0.002891427,0.002875183,0.002902803,0.002863341,0.002924307,0.00288281,0.002916114,0.002891253,0.002870751,0.002816925,0.002896917,0.002876031,0.002846447,0.002881436,0.002866914,0.00287587,0.002880714,0.002833079,0.002924687,0.002879748,0.002935883,0.002881498,0.00283672,0.002871123,0.002891303,0.002916566,0.002859358,0.002902138,0.002892882,0.002887605,0.002861416,0.002864218,0.002902083,0.002949422,0.002924015,0.002897709,0.002893351,0.002872452,0.002903993,0.002874792,0.00293285,0.002912286,0.002860341,0.002800887,0.002819776,0.002874976,0.00291148,0.002910068,0.002875437,0.002888652,0.002903728,0.002863097,0.002940708,0.002829629,0.002901223,0.002874839,0.002896437,0.002847897,0.002848023,0.002830221,0.002877816,0.002831687,0.002920763,0.002895851,0.002905177,0.002921125,0.002939648,0.002912234,0.002919912,0.002913472,0.002930816,0.002933599,0.002874001,0.002892902,0.002909591,0.002882354,0.00289494,0.00288596,0.002883298,0.002963711,0.002931818,0.00294884,Human Diseases;Endocrine   and   metabolic   diseases
Immune   system,0.000961022,0.000971818,0.000970485,0.000979703,0.001038042,0.000970804,0.000934299,0.000986262,0.00098648,0.001020582,0.000941581,0.000906407,0.000936552,0.000954217,0.000950949,0.001040922,0.001078289,0.001013737,0.000936223,0.000993404,0.000947252,0.000956667,0.000959104,0.000908788,0.000982228,0.001022132,0.000926714,0.000941115,0.000957253,0.000972591,0.001013336,0.000920945,0.001030995,0.001035827,0.000937546,0.000959098,0.00093421,0.000966797,0.000975953,0.00103735,0.000998572,0.001015132,0.000995247,0.000875663,0.000973116,0.000974771,0.001003905,0.001017137,0.000929408,0.000972328,0.000922684,0.000964114,0.000989767,0.000942207,0.001095407,0.000941496,0.000901353,0.000845826,0.000846528,0.000956688,0.000965542,0.001072897,0.000971692,0.00106123,0.001071769,0.000962462,0.000960987,0.000913581,0.000932141,0.000942526,0.000924094,0.000947476,0.000914919,0.000883063,0.00095676,0.000911697,0.000938275,0.00095406,0.000959331,0.001025295,0.000947394,0.001009423,0.000940968,0.000969815,0.001024963,0.000990031,0.000960104,0.000998584,0.000966773,0.000950902,0.000992517,0.000944844,0.000994333,0.001067981,0.0010554,0.001080595,Organismal Systems;Immune   system
Cardiovascular   diseases,0.000787324,0.000783349,0.000799027,0.000805525,0.00077173,0.000903143,0.000983267,0.000929412,0.00098576,0.000953824,0.000943952,0.00099016,0.000935167,0.000892069,0.000876021,0.000826749,0.000779917,0.000832991,0.000900727,0.000907849,0.000909938,0.000966972,0.000932997,0.001007538,0.000924263,0.000919695,0.000954128,0.000955149,0.00091899,0.000928317,0.000859268,0.000946222,0.000813285,0.000817178,0.000921815,0.000930589,0.00093401,0.000881923,0.000823099,0.000838252,0.000903734,0.00089694,0.000899784,0.001000662,0.000914529,0.000927958,0.000829239,0.000837172,0.000879952,0.000867638,0.000944527,0.00086834,0.000828215,0.000921967,0.000772434,0.000945165,0.001001927,0.001071499,0.001048908,0.000917745,0.000831028,0.000777352,0.000834498,0.000834412,0.000822422,0.000861858,0.000850739,0.000923325,0.000885839,0.000936973,0.000942239,0.000937667,0.000961207,0.000995207,0.000908644,0.000973316,0.000857023,0.00089705,0.000826842,0.000838491,0.000862449,0.000844685,0.000880629,0.000820008,0.00085298,0.000867013,0.000916076,0.000905526,0.000935907,0.000869861,0.000875822,0.000925636,0.000780044,0.000805099,0.000830604,0.000777146,Human Diseases;Cardiovascular   diseases
Environmental   adaptation,0.000725794,0.00072848,0.000724808,0.000719136,0.00077843,0.000658877,0.000572667,0.000649023,0.000579956,0.000667906,0.000599479,0.000511275,0.000578266,0.00064749,0.000641288,0.000754727,0.000838898,0.000740103,0.000629322,0.000665827,0.000633732,0.000596514,0.000617096,0.000493241,0.000651354,0.000692083,0.000569796,0.000601985,0.000609515,0.000632186,0.000715384,0.000549605,0.000779752,0.000784614,0.000637673,0.000614656,0.000603072,0.000646481,0.000709244,0.000752309,0.000708944,0.000706653,0.000690945,0.000533587,0.00062311,0.000637758,0.000728479,0.000734483,0.000664153,0.000708536,0.000589935,0.000674252,0.000723231,0.000603946,0.000861156,0.000632212,0.000540012,0.000423223,0.000441409,0.00064867,0.000692419,0.00083697,0.000699415,0.00079922,0.000830211,0.00069448,0.000701288,0.000590782,0.000656237,0.000630855,0.000606421,0.000618687,0.000573987,0.000517492,0.000658618,0.000571386,0.000653014,0.000652608,0.00070865,0.000758587,0.000682999,0.000745557,0.000656596,0.000710449,0.000762154,0.000709981,0.000646231,0.000691499,0.00065095,0.000672765,0.000716385,0.000611723,0.000752233,0.000808957,0.000776176,0.000823029,Organismal Systems;Environmental   adaptation
Signaling   molecules   and   interaction,0.000690351,0.000651692,0.000642505,0.000629582,0.000644021,0.000662548,0.000657215,0.00065771,0.000561927,0.000670152,0.000636465,0.000579569,0.000608796,0.000656826,0.000666352,0.000589945,0.000594218,0.000617142,0.000687031,0.0006285,0.000701075,0.000652491,0.000613735,0.00053652,0.000639526,0.000638793,0.000594717,0.000638592,0.000603503,0.000597136,0.000626603,0.000576643,0.000678304,0.000647521,0.000764416,0.000633487,0.000596477,0.000617395,0.000609387,0.000596225,0.000634127,0.000637338,0.000657608,0.000758948,0.000564628,0.000611911,0.000666677,0.000743549,0.000765245,0.000714969,0.000663169,0.000632994,0.000654161,0.000639787,0.000654063,0.000780805,0.000673677,0.000606637,0.000602416,0.00065105,0.000683284,0.000628515,0.000648346,0.000639477,0.000617161,0.000674147,0.000758899,0.000626488,0.000772051,0.000697425,0.000734636,0.000638228,0.000642315,0.000636352,0.000691035,0.000646951,0.000733587,0.000718461,0.000715812,0.000714007,0.000785492,0.000766545,0.000708818,0.000721513,0.000733734,0.00071312,0.00063436,0.000673246,0.000714495,0.00066945,0.000677913,0.000675057,0.00062853,0.000682428,0.000678083,0.000671628,Environmental Information Processing;Signaling   molecules   and   interaction
Substance   dependence,0.000581946,0.000578303,0.000587806,0.000574279,0.000632249,0.000509046,0.000438584,0.000499275,0.000438864,0.000493574,0.000467479,0.000407662,0.000456933,0.000500749,0.000499791,0.000596268,0.000657643,0.000576673,0.000494349,0.000517272,0.000490716,0.000458585,0.000481464,0.000399989,0.00050863,0.000515648,0.000450273,0.00046211,0.000473773,0.000489801,0.00054982,0.000441543,0.000607102,0.000595672,0.000488894,0.000480808,0.000473013,0.000509194,0.000568243,0.000587277,0.000539082,0.000536256,0.000521865,0.00040582,0.000491461,0.000490166,0.000563325,0.000555473,0.000513099,0.000532319,0.000469622,0.000535751,0.00057545,0.000474302,0.000663144,0.00047229,0.000419382,0.000337244,0.000358457,0.000504827,0.000545135,0.000649253,0.000555272,0.00061163,0.000638766,0.000537847,0.000536562,0.000466676,0.00050788,0.000485212,0.000466346,0.000481926,0.00045137,0.000407467,0.00050934,0.000446579,0.000515097,0.000505896,0.000554183,0.000582373,0.00053013,0.000546233,0.000511268,0.000548857,0.000566379,0.000544595,0.000498682,0.000524529,0.000488319,0.000528846,0.000548752,0.000472503,0.000595326,0.000622068,0.000585551,0.000622902,Human Diseases;Substance   dependence
Circulatory   system,0.000239678,0.000258069,0.000258242,0.000272895,0.000203292,0.000355855,0.000446717,0.000370658,0.000437121,0.000373328,0.000396294,0.000475812,0.00040464,0.000343301,0.00032497,0.000263855,0.000196089,0.000267648,0.000355721,0.000344321,0.000352813,0.000412591,0.000384236,0.000501258,0.000365309,0.000346266,0.000429181,0.000397853,0.000377261,0.000372641,0.000292268,0.000433774,0.000233843,0.000241724,0.000364319,0.000380553,0.000390214,0.000349961,0.000282265,0.000261327,0.000333461,0.000318887,0.000330309,0.000473001,0.000371075,0.000376098,0.000266865,0.000264618,0.000316713,0.000294061,0.000400071,0.000323219,0.000276491,0.000391621,0.000177342,0.000390238,0.000470274,0.00057474,0.000548869,0.000362769,0.000284069,0.000198472,0.000294423,0.000243706,0.000218479,0.000311448,0.000273866,0.000394028,0.00034514,0.000383699,0.000398698,0.000395661,0.000435126,0.000483394,0.000354876,0.000437412,0.00030767,0.000344441,0.000275784,0.000259233,0.000317309,0.000276557,0.000329633,0.000271706,0.000257301,0.000306791,0.00036969,0.000341476,0.000376893,0.000332843,0.000307536,0.000380871,0.000241424,0.000209536,0.000245872,0.000198872,Organismal Systems;Circulatory   system
Excretory   system,0.000551148,0.000560348,0.000552184,0.000554296,0.000549194,0.000533574,0.000516193,0.000522796,0.000509997,0.000517413,0.000519726,0.000513909,0.000520766,0.000529563,0.000527364,0.000545103,0.000552727,0.000539202,0.000528139,0.000523457,0.000520732,0.000516244,0.000523283,0.000513706,0.000525553,0.000525339,0.000524414,0.000515913,0.000523915,0.000521261,0.000536518,0.000523143,0.000544149,0.000541568,0.000524309,0.000520132,0.000516359,0.00054253,0.000545979,0.000535573,0.00052593,0.00052677,0.000528613,0.000516234,0.000522619,0.000522028,0.000541437,0.000536773,0.00052638,0.000523586,0.000515647,0.000533142,0.000541342,0.000524974,0.000546482,0.000522062,0.000513911,0.000503687,0.000504298,0.000523774,0.000536944,0.00055439,0.000543908,0.000537878,0.0005439,0.000535995,0.000526713,0.000521605,0.000533997,0.000520734,0.000521935,0.000521213,0.000520806,0.000517802,0.000526918,0.000518038,0.000526646,0.000528841,0.000540979,0.000537961,0.000540988,0.000542182,0.000530861,0.000540192,0.000528232,0.000535535,0.000528375,0.00052555,0.000525414,0.000540843,0.000530815,0.000522089,0.000558173,0.00054664,0.000542479,0.000556718,Organismal Systems;Excretory   system
Immune   diseases,0.00040058,0.000381734,0.000378197,0.000366661,0.000404967,0.000325265,0.000272172,0.000310532,0.000264992,0.000306803,0.000301173,0.000257923,0.000296757,0.000335857,0.000350968,0.000355298,0.000387626,0.000360139,0.000329633,0.000318747,0.000331798,0.000287815,0.000303455,0.000235958,0.000312242,0.000321624,0.000281097,0.000296605,0.000310624,0.000302054,0.000350757,0.000277286,0.000384411,0.000375393,0.000327485,0.000302128,0.000298215,0.000327306,0.000359602,0.000357622,0.000319622,0.000336327,0.000334456,0.000273276,0.000301004,0.000302855,0.000371374,0.000377551,0.000358578,0.000355372,0.000296293,0.000333202,0.000360759,0.000302463,0.000406482,0.000315764,0.000261058,0.000203186,0.000217258,0.00031413,0.000366391,0.000393261,0.000354491,0.000366962,0.000372471,0.000344007,0.000383119,0.000298994,0.000341112,0.000306283,0.000307555,0.000297404,0.000278696,0.00025649,0.000323297,0.000279028,0.000364993,0.000335982,0.000373451,0.000374014,0.00035693,0.000370729,0.000344027,0.000376949,0.00037574,0.00035144,0.000310659,0.000325679,0.000312548,0.000340011,0.000342478,0.000315272,0.000383028,0.000398071,0.000375315,0.000402337,Human Diseases;Immune   diseases
Digestive   system,0.000269533,0.000257774,0.000253058,0.000251504,0.00027021,0.000241915,0.000230338,0.000247658,0.00021919,0.000252608,0.000234825,0.000210928,0.000231008,0.000250407,0.000255803,0.000252946,0.000257471,0.000252918,0.0002563,0.000247438,0.000261126,0.000241707,0.000238278,0.000201737,0.000243503,0.000251499,0.000222612,0.000238108,0.000239753,0.000233589,0.000256739,0.000216665,0.000273219,0.000261213,0.000270941,0.000241977,0.000225486,0.000251142,0.000243523,0.000249094,0.000253417,0.000251493,0.00025606,0.00024811,0.000232392,0.000234591,0.000267466,0.000287875,0.00027923,0.000270229,0.00024047,0.000243368,0.00025834,0.000238867,0.000276779,0.000269469,0.000230736,0.000199259,0.000198737,0.000241664,0.000262914,0.000263003,0.00025191,0.00026165,0.000257982,0.0002551,0.000287893,0.000232237,0.000272794,0.000247397,0.000255289,0.000235089,0.000226608,0.000218422,0.000253123,0.000225253,0.000274869,0.000264428,0.000275728,0.00027987,0.000280674,0.000288572,0.000259911,0.000275691,0.000282698,0.000264721,0.000237505,0.00025134,0.000255407,0.000247529,0.000257015,0.000242624,0.000256237,0.000287638,0.000282538,0.000291395,Organismal Systems;Digestive   system
Viral   protein   family,0.000261086,0.000243019,0.000245348,0.000237379,0.000267581,0.000232032,0.000211839,0.00023705,0.000208782,0.000242779,0.000225854,0.000191792,0.000215441,0.000239115,0.000247176,0.000245388,0.000264428,0.000252241,0.000239209,0.000239551,0.000249104,0.000225763,0.000226268,0.000178138,0.000234476,0.000243682,0.000206201,0.00022963,0.000224831,0.000225625,0.000250193,0.00019608,0.000269635,0.000265399,0.000249259,0.000227912,0.000222908,0.000226112,0.000239564,0.000254536,0.00024614,0.000251668,0.000251271,0.000217744,0.000221846,0.000226608,0.000258522,0.000270667,0.000265501,0.000267621,0.000227067,0.000235733,0.000249679,0.000220372,0.000285975,0.00024612,0.000207058,0.000167547,0.000174486,0.000234266,0.000253209,0.000266931,0.000240786,0.0002659,0.000268369,0.000244855,0.000280452,0.000218842,0.000247108,0.000234349,0.000233921,0.00022293,0.000209812,0.000194257,0.000240172,0.000211026,0.000260282,0.000245104,0.000261084,0.000270867,0.000254124,0.000269629,0.000247973,0.000262727,0.000283809,0.000254885,0.00022793,0.000246063,0.000239588,0.000235151,0.00025378,0.000231297,0.000248463,0.00028533,0.000274707,0.000279831,Unclassified;Viral   protein   family
