"","sampling","plot","treatment","date","month","biomass","richness","abundance","Y_zipf","mu_log","sigma_log"
"1","0","1","w",2023-05-04,"May",0,14,109.5625,-0.884402978864598,1.70612660635125,0.898315782753046
"2","0","10","p",2023-05-04,"May",0,10,96,-1.24701789693885,1.69443317981216,1.23959949350048
"3","0","11","c",2023-05-04,"May",0,12,111.714285714286,-1.29136017246144,1.59170330877741,1.23818328610979
"4","0","12","wp",2023-05-04,"May",0,13,88.7368421052632,-1.32340882084032,1.18231405949133,1.33002222760635
"5","0","13","wp",2023-05-04,"May",0,8,81.8285714285714,-2.01470135235978,1.11038160722213,1.95345014283352
"6","0","14","c",2023-05-04,"May",0,19,79.5172413793103,-0.722099951192963,1.17909573073538,0.751677574179183
"7","0","15","p",2023-05-04,"May",0,5,75.9923076923077,-3.80715397196992,0.228162661865229,3.40369179741883
"8","0","16","w",2023-05-04,"May",0,8,85.5136363636364,-3.25984205167693,-0.453143862737583,3.31346415839525
"9","0","2","c",2023-05-04,"May",0,13,67.9,-1.18475337982183,1.10892428613943,1.12936740054911
"10","0","3","p",2023-05-04,"May",0,14,94.3636363636364,-1.0880934092848,1.39623462516609,1.08251753167515
"11","0","4","wp",2023-05-04,"May",0,9,81.3478260869565,-1.23155731826157,1.65765272661887,1.2222540171762
"12","0","5","wp",2023-05-04,"May",0,11,82.9166666666667,-0.85953535277521,1.72733464568156,0.826256402393305
"13","0","6","p",2023-05-04,"May",0,12,113,-1.31089653124802,1.54187447220745,1.29772628217669
"14","0","7","c",2023-05-04,"May",0,9,116.846153846154,-1.52585220707051,1.82734007288181,1.4480941468061
"15","0","8","w",2023-05-04,"May",0,8,105,-1.35678006026062,1.95091387329894,1.34277531242394
"16","0","9","w",2023-05-04,"May",0,9,97.3636363636364,-0.9130634045605,2.07546621193924,0.899727822363567
"17","1","1","w",2023-05-16,"May",0,14,97.3620689655172,-0.859546207180851,1.61404425932174,0.867155218487865
"18","1","11","c",2023-05-16,"May",0,11,83.4782608695652,-1.54870232571936,1.11980088387817,1.4987730646353
"19","1","14","c",2023-05-16,"May",0,19,79.56,-0.499571913317313,1.31268178002707,0.519537582129862
"20","1","16","w",2023-05-16,"May",0,9,51.2413793103448,-2.04241435166547,0.416794529989331,2.00919063039754
"21","1","2","c",2023-05-16,"May",0,15,70.7555555555556,-1.06705183947196,1.07128344973738,1.06619222599918
"22","1","7","c",2023-05-16,"May",0,13,126,-1.38530227928185,1.45333262394053,1.40265688645028
"23","1","8","w",2023-05-16,"May",0,10,90.2777777777778,-1.21053412263489,1.61451798767114,1.25752521108153
"24","1","9","w",2023-05-16,"May",0,9,102.035714285714,-1.09383880895024,2.04567541516486,1.01755641062573
"25","10","1","w",2023-10-16,"Oct",5186.93640695953,7,67.5,-1.97402677040596,1.19357449206261,1.86446497424202
"26","10","10","p",2023-10-16,"Oct",1037.38567647822,15,87.5,-0.929198770375355,1.37874288226106,0.925520702663594
"27","10","11","c",2023-10-16,"Oct",1808.57805166361,8,101,-2.41714739479411,0.794021491598556,2.41757617522971
"28","10","12","wp",2023-10-16,"Oct",2088.60500339863,5,88,-3.39702906870262,0.772693590766812,3.01151813954882
"29","10","13","wp",2023-10-16,"Oct",904.393444768552,9,61.9090909090909,-1.14753906506045,1.48291847160022,1.10550579045316
"30","10","14","c",2023-10-16,"Oct",4514.64014785855,12,81,-1.12416345974608,1.38971495418798,1.10682772942371
"31","10","15","p",2023-10-16,"Oct",13567.0813468571,9,89.5,-1.36134168203642,1.69829995214442,1.29911629842074
"32","10","16","w",2023-10-16,"Oct",64.9592398559493,4,97,-2.37362452117327,2.23852706354981,1.96504230384789
"33","10","2","c",2023-10-16,"Oct",1801.29106794426,5,100.5,-1.96447371267146,2.1478770773296,1.74752478838246
"34","10","3","p",2023-10-16,"Oct",1546.53066860719,16,79,-0.877862798572726,1.2566564323579,0.872192007691892
"35","10","4","wp",2023-10-16,"Oct",1725.17872903897,14,62.5,-1.02908094837004,1.06044279763265,1.00831586133091
"36","10","5","wp",2023-10-16,"Oct",1221.30874483834,5,60,-1.2396928582544,2.18187933585747,0.98900826598942
"37","10","6","p",2023-10-16,"Oct",4538.21906857295,14,92.5,-1.10379891997414,1.33918736524681,1.13348339720246
"38","10","7","c",2023-10-16,"Oct",1659.6108664419,10,75,-1.31456316297092,1.36808851452526,1.33033282577307
"39","10","8","w",2023-10-16,"Oct",254.288445515253,7,109,-2.49052100333176,1.03692232221831,2.44874810588328
"40","10","9","w",2023-10-16,"Oct",3003.41535270116,6,56.5,-1.61559564901483,1.59556248021432,1.4250879103651
"41","11","1","w",2023-11-13,"Nov",5712.88010656336,10,99,-1.19374060614325,1.81697289558008,1.1282335116332
"42","11","10","p",2023-11-13,"Nov",3142.8212643675,18,79.25,-0.90790303112063,1.09509543702827,0.953938996556185
"43","11","11","c",2023-11-13,"Nov",2094.15857058762,10,91,-2.05889912700812,0.727758862119446,2.11830679727639
"44","11","12","wp",2023-11-13,"Nov",1638.43703222334,6,57,-2.02388479909686,1.27656143763657,1.80875341342515
"45","11","13","wp",2023-11-13,"Nov",819.205224728378,10,60.3888888888889,-1.62025320991602,0.883879683791738,1.61839784657754
"46","11","14","c",2023-11-13,"Nov",2328.69111570258,13,73.5,-0.945404064129732,1.37797237177856,0.909897120759851
"47","11","15","p",2023-11-13,"Nov",1388.60714055817,11,55.5,-0.647794234385556,1.46137908000821,0.616800719607232
"48","11","16","w",2023-11-13,"Nov",264.569916097377,8,102.5,-3.35274529868985,-0.481220940274595,3.44628384134428
"49","11","2","c",2023-11-13,"Nov",2396.10944932899,11,110,-2.03909479621306,0.72413296026621,2.05894764430787
"50","11","3","p",2023-11-13,"Nov",1338.70355499779,16,84.5,-0.399339642420586,1.60424981736714,0.378670044096513
"51","11","4","wp",2023-11-13,"Nov",2152.89429437108,14,85,-0.73318936814577,1.58034958723738,0.707294069724947
"52","11","5","wp",2023-11-13,"Nov",1399.71914845835,8,67.5,-0.99328882984511,1.83200659943841,0.899209662960209
"53","11","6","p",2023-11-13,"Nov",7381.33035870374,17,104.666666666667,-0.834020520869826,1.46041396172543,0.895835519702326
"54","11","7","c",2023-11-13,"Nov",1884.00404750444,11,84,-1.30220282062265,1.36758448995113,1.27074721352948
"55","11","8","w",2023-11-13,"Nov",154.010771231747,7,70.125,-2.01699102690339,1.21669846903424,1.87030018466321
"56","11","9","w",2023-11-13,"Nov",4582.68615877322,9,64.5,-1.53356983759318,1.18736775238838,1.50361487503073
"57","12","1","w",2024-03-12,"Mar",0,13,118,-1.16903503177284,1.61565242834146,1.17721574067203
"58","12","10","p",2024-03-12,"Mar",0,15,79,-0.595000191406049,1.49345812594344,0.609646519394864
"59","12","11","c",2024-03-12,"Mar",0,15,67.5,-1.22758090025014,0.838772849194537,1.23589642741429
"60","12","12","wp",2024-03-12,"Mar",0,15,109,-1.71443193881926,0.64171123943599,1.823982784065
"61","12","13","wp",2024-03-12,"Mar",0,14,85.5,-0.689039605967184,1.59864194644534,0.696531648512239
"62","12","14","c",2024-03-12,"Mar",0,12,57.75,-0.910221983370045,1.27459763268793,0.832027612192769
"63","12","15","p",2024-03-12,"Mar",0,14,86.5,-0.785560566709128,1.55128027570077,0.787926810516386
"64","12","16","w",2024-03-12,"Mar",0,9,109,-2.73378017126904,0.169250373963942,2.83402500408389
"65","12","2","c",2024-03-12,"Mar",0,14,107,-1.67152208913571,0.787318144513456,1.75946116293851
"66","12","3","p",2024-03-12,"Mar",0,15,73.5,-0.526705909922995,1.4789067447281,0.507820722440026
"67","12","4","wp",2024-03-12,"Mar",0,14,106,-0.751976807359019,1.78707797356435,0.729749608116532
"68","12","5","wp",2024-03-12,"Mar",0,13,80.5,-1.18932983050378,1.2252027162089,1.17911260979728
"69","12","6","p",2024-03-12,"Mar",0,11,69,-0.828815715972163,1.57039934997773,0.784895740963412
"70","12","7","c",2024-03-12,"Mar",0,10,71.5,-1.51210501387951,1.15631250054399,1.51209154889403
"71","12","8","w",2024-03-12,"Mar",0,6,74.5,-1.07810965956335,2.20888456469197,0.978172711203719
"72","12","9","w",2024-03-12,"Mar",0,10,78,-1.31515331794445,1.40916720280776,1.3282635379699
"73","13","1","w",2024-04-03,"Apr",2684.14038623881,13,106,-0.935267746639994,1.71875956756978,0.93393730011465
"74","13","10","p",2024-04-03,"Apr",1234.94303767829,17,110,-1.08115599813734,1.28619297017962,1.1491368920702
"75","13","11","c",2024-04-03,"Apr",2032.3623711833,16,110,-1.36176928343422,1.06647648736432,1.4223702780815
"76","13","12","wp",2024-04-03,"Apr",2204.53272788844,14,120,-1.80697410582476,0.679013555989008,1.93135553802019
"77","13","13","wp",2024-04-03,"Apr",8060.39273037951,17,116.571428571429,-0.66686631199173,1.70821088254878,0.696716706647075
"78","13","14","c",2024-04-03,"Apr",4708.94125600185,14,114,-1.31206495329172,1.37678909209572,1.30296200719286
"79","13","15","p",2024-04-03,"Apr",4596.81166641391,19,112,-0.764073526088501,1.4679254576955,0.819693459371104
"80","13","16","w",2024-04-03,"Apr",1837.31535931035,10,112,-2.1625842987983,0.78909694114468,2.23965427957596
"81","13","2","c",2024-04-03,"Apr",2547.36983943676,18,106,-1.56377956782784,0.548363854833127,1.71136221857027
"82","13","3","p",2024-04-03,"Apr",1902.2435944668,16,101,-0.690615459599526,1.62278431154739,0.696997177257945
"83","13","4","wp",2024-04-03,"Apr",4162.14384932105,15,120,-1.04854075880146,1.60793389769359,1.03683190334366
"84","13","5","wp",2024-04-03,"Apr",1677.95643636742,14,112,-1.14546316196318,1.53271282828343,1.12522555151969
"85","13","6","p",2024-04-03,"Apr",9543.55278874255,16,102,-0.665547023541462,1.66316456114163,0.645839773100775
"86","13","7","c",2024-04-03,"Apr",5196.24902413741,12,108,-1.45975469666114,1.33011547774582,1.45681443501663
"87","13","8","w",2024-04-03,"Apr",764.325341532558,7,85.6363636363636,-1.83967754071868,1.55682044231567,1.73407368418227
"88","13","9","w",2024-04-03,"Apr",5534.9923950629,11,112,-1.83210930700051,1.02725883255154,1.83508873640101
"89","14","1","w",2024-04-16,"Apr",9118.29970170969,15,121,-1.35693320468202,1.21646668563278,1.43709998843164
"90","14","10","p",2024-04-16,"Apr",7346.03522936253,19,112,-1.11661747674189,1.13126788176502,1.20508477752179
"91","14","11","c",2024-04-16,"Apr",750.132050824456,15,106,-1.74171836745426,0.605016160695449,1.83071070432237
"92","14","12","wp",2024-04-16,"Apr",3538.42266395506,15,121,-1.47157764418897,1.10159021040797,1.53741190934698
"93","14","13","wp",2024-04-16,"Apr",9102.95705739135,19,99.8571428571429,-0.836824623153197,1.29984899237385,0.892069544955652
"94","14","14","c",2024-04-16,"Apr",3748.63869840639,14,100,-1.50464640602801,0.968322526506232,1.55493194752855
"95","14","15","p",2024-04-16,"Apr",3525.7084693111,17,94,-0.719323523532288,1.46471239117569,0.735367651683864
"96","14","16","w",2024-04-16,"Apr",5207.06386217477,13,103,-1.90949430627516,0.531998883455856,1.99529484420154
"97","14","2","c",2024-04-16,"Apr",2239.2255197297,17,101,-1.82778609042998,0.164416238154043,2.00922733206731
"98","14","3","p",2024-04-16,"Apr",3865.42779505328,19,105,-0.801064340246003,1.39353319940082,0.833133136724544
"99","14","4","wp",2024-04-16,"Apr",8834.14152141335,14,121,-0.799205736641555,1.88353505338633,0.784432981465703
"100","14","5","wp",2024-04-16,"Apr",2318.24555067802,16,110,-1.10310922775707,1.34919860094205,1.15042364497953
"101","14","6","p",2024-04-16,"Apr",12472.4165912409,16,87,-0.938086984282334,1.28334600197985,0.960623412564831
"102","14","7","c",2024-04-16,"Apr",5184.94567686694,13,110,-2.02519825694153,0.431140356424246,2.11816931719407
"103","14","8","w",2024-04-16,"Apr",1786.19548968243,10,110,-1.85134680377643,1.134830721352,1.93135301766684
"104","14","9","w",2024-04-16,"Apr",18869.5559516073,14,117,-1.66654135440002,0.870089192889181,1.76466640596301
"105","15","1","w",2024-05-07,"May",8407.62497075946,15,101,-1.16644581135115,1.27924571022258,1.20557996213462
"106","15","10","p",2024-05-07,"May",14084.7447401234,20,98,-1.03585634313971,1.03102262433712,1.11627077459849
"107","15","11","c",2024-05-07,"May",765.134170045027,14,94,-1.71626296346781,0.630414368504969,1.78107242189625
"108","15","12","wp",2024-05-07,"May",4989.16850430243,13,102,-1.83855931771851,0.615124272419436,1.92507888505308
"109","15","13","wp",2024-05-07,"May",10353.1412835262,19,103,-1.00412744206343,1.16084732166958,1.08836045029864
"110","15","14","c",2024-05-07,"May",5726.44433889626,17,99,-1.10119392199627,1.16907250596629,1.16133027585841
"111","15","15","p",2024-05-07,"May",3385.30014600525,17,83,-0.842089823300063,1.2368488963744,0.880889972027025
"112","15","16","w",2024-05-07,"May",507.686501005389,13,105,-2.58122606922273,-0.530596373429113,2.74510083214066
"113","15","2","c",2024-05-07,"May",2418.43749110237,16,105,-1.54118919496409,0.777437052493678,1.62854354744571
"114","15","3","p",2024-05-07,"May",4230.36099682226,23,100,-0.659041937203253,1.23046580422448,0.717503014249225
"115","15","4","wp",2024-05-07,"May",11158.234152719,13,97.75,-0.943167993617692,1.65193701935352,0.918933128568732
"116","15","5","wp",2024-05-07,"May",8103.43676972526,16,90,-0.977031125283199,1.27287914601512,1.01339055164854
"117","15","6","p",2024-05-07,"May",13887.9834072298,13,103.8,-0.767586343999347,1.80987788607903,0.782296979290806
"118","15","7","c",2024-05-07,"May",8030.1310926617,14,90,-1.87525858847088,0.329505718919606,1.97751324973186
"119","15","8","w",2024-05-07,"May",2923.61922764977,10,114,-1.24757195912647,1.80462910365707,1.31037820413788
"120","15","9","w",2024-05-07,"May",3392.14444709663,11,107,-1.41661012165555,1.48208622309162,1.39726857045005
"121","16","1","w",2024-05-28,"May",19800.2816953788,12,102,-1.3627792218358,1.37075598030015,1.3649568017515
"122","16","10","p",2024-05-28,"May",11658.1308857326,15,94,-1.12072766339001,1.25812891095456,1.15301491434746
"123","16","11","c",2024-05-28,"May",964.195166848968,17,101,-1.84120688420635,0.159239517325531,2.01290443211724
"124","16","12","wp",2024-05-28,"May",5534.50729190002,12,109,-1.8331360893588,0.811581818804183,1.90033142106802
"125","16","13","wp",2024-05-28,"May",7184.89226172517,19,108,-0.906616935306126,1.3076739835329,0.976673761262535
"126","16","14","c",2024-05-28,"May",6071.86168441021,17,111,-1.52282543952074,0.735901639272461,1.65132854002507
"127","16","15","p",2024-05-28,"May",2062.49039831114,17,69,-0.914664222800827,1.03378248289246,0.90450144094978
"128","16","16","w",2024-05-28,"May",1844.79524129042,11,114,-2.3440844589537,0.29688360585293,2.39969495386501
"129","16","2","c",2024-05-28,"May",3099.53505881714,17,117,-1.62333070695824,0.628828504670378,1.77592981613817
"130","16","3","p",2024-05-28,"May",4984.1297655092,19,113,-1.12311153791646,1.13238854644381,1.21275036024699
"131","16","4","wp",2024-05-28,"May",9711.25122059668,15,117,-0.739865004564381,1.80121991649666,0.751261461327829
"132","16","5","wp",2024-05-28,"May",4085.19595302219,17,147,-1.14762206025169,1.49901952039482,1.22733636250491
"133","16","6","p",2024-05-28,"May",7126.26601175656,15,108,-0.923696172504032,1.57156191238411,0.954754155856491
"134","16","7","c",2024-05-28,"May",17112.6730342919,13,107,-1.557927534116,1.10872109616893,1.56483407432545
"135","16","8","w",2024-05-28,"May",4060.31442277916,8,113,-1.43902800100223,1.9770283452451,1.39742790766071
"136","16","9","w",2024-05-28,"May",3734.25603251089,12,106,-1.48986728758098,1.24064236716752,1.52089741140322
"137","17","1","w",2024-06-21,"Jun",12676.216144397,14,103,-1.39678522837047,1.09927377851318,1.46637467533004
"138","17","10","p",2024-06-21,"Jun",22024.9634782705,11,116,-1.15824226895455,1.88010266572126,1.06274414781955
"139","17","11","c",2024-06-21,"Jun",4984.34780540654,18,72,-1.50916482542825,0.309783740510622,1.59405244292655
"140","17","12","wp",2024-06-21,"Jun",3838.41957324616,9,91,-1.44120999385755,1.58136277407847,1.44233604797928
"141","17","13","wp",2024-06-21,"Jun",5642.89203058954,14,91,-0.982841434919931,1.44161707224462,0.992235952169926
"142","17","14","c",2024-06-21,"Jun",6905.73291411462,15,105,-1.22675358089102,1.25404263747654,1.26952705201301
"143","17","15","p",2024-06-21,"Jun",3535.15144917967,15,85,-1.21762429560358,1.05697997285727,1.25551823227966
"144","17","16","w",2024-06-21,"Jun",9757.10899602561,9,103,-2.36918014299103,0.593471179866687,2.45429485217982
"145","17","2","c",2024-06-21,"Jun",3005.30662460701,12,100,-1.44459408573106,1.28667470567712,1.4257933978706
"146","17","3","p",2024-06-21,"Jun",7563.22652327141,19,106,-0.990202474560686,1.20703257586036,1.06944370227226
"147","17","4","wp",2024-06-21,"Jun",17267.1241145921,13,100,-0.815267333553543,1.74910990882889,0.813893619655617
"148","17","5","wp",2024-06-21,"Jun",4624.70237949647,13,102,-1.02566923336403,1.60112551839008,1.03099518893579
"149","17","6","p",2024-06-21,"Jun",14689.1411864805,13,100,-0.765258349233561,1.79773439690538,0.740899184303036
"150","17","7","c",2024-06-21,"Jun",14359.1838671632,14,115,-1.87551750940403,0.527979905075658,2.01196295277228
"151","17","8","w",2024-06-21,"Jun",2193.97728887028,9,113,-1.92811049964658,1.26754596879612,1.95987249254053
"152","17","9","w",2024-06-21,"Jun",6573.35848790608,9,102,-2.19636555789673,0.829498218679593,2.25131559651813
"153","2","1","w",2023-06-14,"Jun",0,13,74.2666666666667,-1.3074610329641,1.05374105507307,1.27506842636047
"154","2","10","p",2023-06-14,"Jun",0,3,3.4,-0.710528563170675,0.23908243005742,0.441851628835465
"155","2","11","c",2023-06-14,"Jun",0,12,65.6129032258064,-1.13993676354017,1.18536105339283,1.10633187201338
"156","2","12","wp",2023-06-14,"Jun",0,2,7.8,-2.80735492199014,0.972955074551037,1.6505988711171
"157","2","13","wp",2023-06-14,"Jun",0,2,1.2,-2.26515365115691e-16,4.67601563972254e-11,1.4714618744083e-18
"158","2","14","c",2023-06-14,"Jun",0,16,105.75,-0.566358473644217,1.74032439341656,0.574979617459339
"159","2","15","p",2023-06-14,"Jun",0,1,1,NA,NA,NA
"160","2","16","w",2023-06-14,"Jun",0,7,37,-1.2423938139085,1.26003404799015,1.08607172900886
"161","2","2","c",2023-06-14,"Jun",0,9,67.44,-1.27598566118642,1.48524744020242,1.20103303056496
"162","2","3","p",2023-06-14,"Jun",0,5,4.3,-0.464468340342054,0.152330324385326,0.30333478446352
"163","2","4","wp",2023-06-14,"Jun",0,7,6.5,-0.441431447480062,0.212591982334913,0.326319201417639
"164","2","5","wp",2023-06-14,"Jun",0,4,8.2,-1.2886677998817,0.567567975312944,0.927729729501612
"165","2","6","p",2023-06-14,"Jun",0,3,3.4,-0.710528563170675,0.23908243005742,0.441851628835465
"166","2","7","c",2023-06-14,"Jun",0,14,75.3333333333333,-0.836664119562485,1.43538839425253,0.759112448631414
"167","2","8","w",2023-06-14,"Jun",0,10,91.0714285714286,-0.91071374508255,1.87926469955642,0.929508557302865
"168","2","9","w",2023-06-14,"Jun",0,13,68.2307692307692,-1.06417281675974,1.20792037412078,1.05054503919233
"169","3","1","w",2023-06-28,"Jun",9444.49225585689,11,85.25,-1.63652500376475,1.05015839918797,1.58284368688139
"170","3","10","p",2023-06-28,"Jun",1532.19140705149,7,35,-1.15717717027382,1.21503311355694,1.07093530113044
"171","3","11","c",2023-06-28,"Jun",1998.24147130147,4,48.75,-1.8722154660813,1.93751113465872,1.46461989920067
"172","3","12","wp",2023-06-28,"Jun",937.385236741309,5,33,-2.19381481945049,0.974493760801711,1.81085190057655
"173","3","13","wp",2023-06-28,"Jun",145.729062445551,5,47.9230769230769,-2.76257078289595,0.807216201009302,2.38982029051186
"174","3","14","c",2023-06-28,"Jun",2193.12952553734,11,94.3125,-0.866733128288681,1.85004240579192,0.828794415691179
"175","3","15","p",2023-06-28,"Jun",66.8773450245603,3,5.125,-1.15533432664673,0.378626262370524,0.736316448869428
"176","3","16","w",2023-06-28,"Jun",2131.29486721419,8,38,-1.13161758008259,1.18449928425359,1.02097874654425
"177","3","2","c",2023-06-28,"Jun",1694.06287310165,10,40,-1.02406421286272,1.04122085776733,0.95293237130378
"178","3","3","p",2023-06-28,"Jun",1337.93662327146,12,31,-0.631846783651493,0.804831294529895,0.57103651793734
"179","3","4","wp",2023-06-28,"Jun",721.914107355096,8,18,-0.671264890576454,0.679350589918455,0.595202108395113
"180","3","5","wp",2023-06-28,"Jun",1505.35692469252,7,47,-1.3029855510261,1.40433932741831,1.21544939231694
"181","3","6","p",2023-06-28,"Jun",4486.84960490247,6,46,-1.00647378856387,1.76480237386859,0.903050936965501
"182","3","7","c",2023-06-28,"Jun",1701.14533310724,8,75,-1.43789714233864,1.5736120572555,1.39002644737106
"183","3","8","w",2023-06-28,"Jun",7195.47009705603,8,68,-1.50369834207962,1.40961654867284,1.46419605980313
"184","3","9","w",2023-06-28,"Jun",1143.45424980602,9,60.1,-1.15932276762207,1.49046972878261,1.07391222990025
"185","4","1","w",2023-07-11,"Jul",7596.1196700006,7,55,-1.7494618611623,1.18769324602958,1.65222889106632
"186","4","10","p",2023-07-11,"Jul",882.240519194139,7,43,-1.07541392221091,1.47552911236307,0.989799314397124
"187","4","11","c",2023-07-11,"Jul",2110.71506097824,5,72,-1.42367805102003,2.20607617054795,1.23764991747734
"188","4","12","wp",2023-07-11,"Jul",1071.38201588084,6,45,-1.97810177690109,1.12155029844451,1.72070930024503
"189","4","13","wp",2023-07-11,"Jul",1070.46009600786,4,26.2857142857143,-0.958681383131823,1.70196269718054,0.769133253237766
"190","4","14","c",2023-07-11,"Jul",2730.75222878151,6,68,-0.703624193195654,2.32043854836285,0.559258698284511
"191","4","15","p",2023-07-11,"Jul",264.70940241163,9,19.6666666666667,-0.561351742508109,0.6975027681608,0.51306490047204
"192","4","16","w",2023-07-11,"Jul",1969.90729579299,6,41,-0.710999422464826,1.79232213401669,0.615512028436742
"193","4","2","c",2023-07-11,"Jul",1182.90326274516,5,31,-1.78137607117,1.19797974654083,1.46396519247599
"194","4","3","p",2023-07-11,"Jul",2134.60289163487,11,74,-0.734659099348952,1.71269799222017,0.66680101224216
"195","4","4","wp",2023-07-11,"Jul",1456.60575697724,6,30.6666666666667,-1.11332700201437,1.33582976121974,0.961073210781016
"196","4","5","wp",2023-07-11,"Jul",1556.53583085133,6,52.5,-0.805496965304659,2.01107844648032,0.702216787184684
"197","4","6","p",2023-07-11,"Jul",5257.55898874833,7,55,-0.977798278071152,1.77545661349611,0.904281394636992
"198","4","7","c",2023-07-11,"Jul",1717.50203423931,5,75,-0.6878210161647,2.61875424892235,0.526344638564857
"199","4","8","w",2023-07-11,"Jul",1129.63601896887,5,43.5,-2.1312601099601,1.24061367240792,1.83546110192197
"200","4","9","w",2023-07-11,"Jul",2459.97699880612,8,77,-1.55857759694821,1.50769840087992,1.49296379005364
"201","5","1","w",2023-07-26,"Jul",7070.75573111248,5,69,-1.57020278705355,2.11602370526724,1.30534672001187
"202","5","10","p",2023-07-26,"Jul",1826.63410729979,11,76,-1.16165965261348,1.40341768352908,1.12475513534849
"203","5","11","c",2023-07-26,"Jul",3736.74591870292,5,109,-1.94174401964757,2.34868633471773,1.59845684646778
"204","5","12","wp",2023-07-26,"Jul",1301.55466472583,6,74,-2.44335056490632,1.19263821985487,2.1602352392969
"205","5","13","wp",2023-07-26,"Jul",725.11244417818,6,48,-1.10213991683336,1.7803206115788,0.949013674701073
"206","5","14","c",2023-07-26,"Jul",4327.47844187454,7,118,-0.911595401567795,2.59673063941765,0.803875980696539
"207","5","15","p",2023-07-26,"Jul",968.561866629246,8,50.3,-1.35297166307372,1.30714830363001,1.24861746198329
"208","5","16","w",2023-07-26,"Jul",670.737806849511,6,46,-0.962294613050584,1.82121090379347,0.800194368089985
"209","5","2","c",2023-07-26,"Jul",1249.76281480019,7,53,-1.68611120725038,1.22889622832653,1.56750917424456
"210","5","3","p",2023-07-26,"Jul",5137.84813627593,12,117.5,-0.913552337261576,1.96982577222946,0.85324020388411
"211","5","4","wp",2023-07-26,"Jul",2750.90851458775,7,81.1666666666667,-1.07581125460013,2.15952695138201,0.909299758924512
"212","5","5","wp",2023-07-26,"Jul",2372.55771328444,5,65.5,-0.655982750694335,2.48533110855363,0.542853671047769
"213","5","6","p",2023-07-26,"Jul",6156.97621635107,7,89.7142857142857,-0.816857358402996,2.33850089609041,0.780495426896479
"214","5","7","c",2023-07-26,"Jul",1653.83716202209,5,62.5,-0.74082149702706,2.42680131345302,0.53111669041086
"215","5","8","w",2023-07-26,"Jul",1200.96576291965,3,76,-2.30168926309279,2.68139877277632,1.58013928905427
"216","5","9","w",2023-07-26,"Jul",1167.90160761002,8,52.5,-1.27509781252123,1.39197022146294,1.19041820287384
"217","6","1","w",2023-08-22,"Aug",3324.16828630089,3,60,-0.874265262372002,2.90674171985978,0.600906371939577
"218","6","10","p",2023-08-22,"Aug",7813.53391652066,9,85,-1.20596673161381,1.722620010543,1.20175437694127
"219","6","11","c",2023-08-22,"Aug",1070.92847724293,4,54,-2.15077886723376,1.90742012071758,1.64074663875231
"220","6","12","wp",2023-08-22,"Aug",871.147328817489,4,33,-2.31347903252966,1.27584719784069,1.82163981464595
"221","6","13","wp",2023-08-22,"Aug",2003.73101633704,5,42.3333333333333,-1.00040599278257,1.93198245445539,0.788122028431983
"222","6","14","c",2023-08-22,"Aug",1857.63149520408,6,56,-0.817593799330983,2.06196970083674,0.71115546359903
"223","6","15","p",2023-08-22,"Aug",10403.5563432426,10,102,-1.39708180477702,1.62510027911582,1.38570060608637
"224","6","16","w",2023-08-22,"Aug",3176.91313632485,5,40,-1.2396928582544,1.7764142277493,0.989008265989419
"225","6","2","c",2023-08-22,"Aug",1073.60206605661,2,21,-1.67807190511264,2.19101331733694,0.986631070598195
"226","6","3","p",2023-08-22,"Aug",5594.70037802447,12,123,-1.2727720802521,1.71072268146687,1.21182390173102
"227","6","4","wp",2023-08-22,"Aug",1914.72533029797,6,36,-1.42627339812427,1.29098551209895,1.24856890143
"228","6","5","wp",2023-08-22,"Aug",1522.14390620354,6,39.5,-1.08274437552175,1.58845926544887,0.964797996306969
"229","6","6","p",2023-08-22,"Aug",3520.40461017692,7,67,-1.08166766652261,1.93149905057802,0.970515846402236
"230","6","7","c",2023-08-22,"Aug",192.236039002512,5,43,-1.07961847693012,1.94717771128751,0.805306492473337
"231","6","8","w",2023-08-22,"Aug",499.515336306074,3,26,-0.620431469028973,2.11829988194956,0.406373793075175
"232","6","9","w",2023-08-22,"Aug",1334.67059550048,5,32,-1.19392833330688,1.5561274302496,0.98407819283027
"233","7","1","w",2023-09-04,"Sep",4096.96744705148,3,49,-2.61316431472294,2.06299619870662,1.85750021165297
"234","7","10","p",2023-09-04,"Sep",1723.58197892007,12,86,-1.28633376495134,1.31257739262361,1.25356714910683
"235","7","11","c",2023-09-04,"Sep",1250.29798774575,6,84,-1.60569504315138,2.04663377610253,1.36817450556823
"236","7","12","wp",2023-09-04,"Sep",488.000462525897,4,31,-1.23027611852599,1.77770388111512,0.979850344846701
"237","7","13","wp",2023-09-04,"Sep",1694.88664642931,5,39.75,-1.19679939837189,1.78772144130782,0.969377274506823
"238","7","14","c",2023-09-04,"Sep",2382.30712629143,5,62,-0.936041865966415,2.34323207038083,0.741591324888782
"239","7","15","p",2023-09-04,"Sep",13176.8752621995,11,103,-1.25855942718379,1.65426108186133,1.18347196749178
"240","7","16","w",2023-09-04,"Sep",949.252598856698,2,50,-2,2.99573227355399,1.17591036187686
"241","7","2","c",2023-09-04,"Sep",560.743463299208,3,28,-3.29335703785521,1.15513187711976,2.34635273353034
"242","7","3","p",2023-09-04,"Sep",9473.92171774793,10,127,-1.21909891615196,2.0422653582069,1.15786947061582
"243","7","4","wp",2023-09-04,"Sep",2018.47950763817,5,43,-1.21144223145758,1.83610246030277,1.01057816274851
"244","7","5","wp",2023-09-04,"Sep",1905.17782166427,6,61,-1.27861852432747,1.9324219129405,1.08692338971608
"245","7","6","p",2023-09-04,"Sep",4819.6019361951,9,96,-0.929014472541171,2.080525085862,0.875522048411343
"246","7","7","c",2023-09-04,"Sep",1560.22568398997,5,70,-1.3757217533488,2.2963753722952,1.055541972126
"247","7","8","w",2023-09-04,"Sep",718.316550974725,4,35,-0.929555204778045,2.01615494982986,0.728478035746694
"248","7","9","w",2023-09-04,"Sep",1321.50403451926,8,38.5,-0.921573968567049,1.29607556776826,0.848130691862247
"249","8","1","w",2023-09-18,"Sep",3987.45916069909,4,78,-1.55154695847596,2.5530663204071,1.23667956242036
"250","8","10","p",2023-09-18,"Sep",1642.63508350581,13,102.666666666667,-1.14801335905685,1.54404244990155,1.11812237188254
"251","8","11","c",2023-09-18,"Sep",1528.06297846862,8,91.5,-1.87789052822661,1.35207327127209,1.83346156767836
"252","8","12","wp",2023-09-18,"Sep",2289.25956856505,6,72.5,-2.59815547060857,0.94195837616702,2.38729735818746
"253","8","13","wp",2023-09-18,"Sep",2223.85097416376,5,57.4166666666667,-1.0927335721835,2.18101482581752,0.898804559520276
"254","8","14","c",2023-09-18,"Sep",4894.25598730408,8,73,-1.15249986908159,1.78240001024127,1.09785961428324
"255","8","15","p",2023-09-18,"Sep",12246.8904087269,10,99.125,-1.23811162344761,1.79049599679185,1.16120065826326
"256","8","16","w",2023-09-18,"Sep",52.0575511956316,2,110,-2.66296501272243,3.63096354635138,1.56570407588792
"257","8","2","c",2023-09-18,"Sep",641.741148884709,5,57,-1.73910540138114,1.75710389358497,1.52784738953393
"258","8","3","p",2023-09-18,"Sep",2250.72627473005,15,115.5,-1.32078561028719,1.24596149529646,1.37193126315266
"259","8","4","wp",2023-09-18,"Sep",2875.94392480393,8,51,-1.35892558857241,1.25271022028317,1.31453429830262
"260","8","5","wp",2023-09-18,"Sep",1939.64874160775,6,84.5,-1.21334799719691,2.30523176556073,1.0241437362276
"261","8","6","p",2023-09-18,"Sep",5502.87400071057,12,102.5,-1.06772749033856,1.6727496568535,1.05784279364957
"262","8","7","c",2023-09-18,"Sep",5997.93442589289,7,68,-1.00443422079366,1.97522451827481,0.924581737291581
"263","8","8","w",2023-09-18,"Sep",560.76320880138,5,37,-1.3149642786403,1.67267195003761,1.0326482677028
"264","8","9","w",2023-09-18,"Sep",2082.04911221918,8,50,-1.40435213949859,1.26233763520852,1.27920213214128
"265","9","1","w",2023-10-04,"Oct",4410.65705448696,7,80,-1.44740287972435,1.85380885235492,1.32002006215884
"266","9","10","p",2023-10-04,"Oct",1911.24248060527,12,77.5,-0.815281466948494,1.63532186585578,0.734919155740655
"267","9","11","c",2023-10-04,"Oct",2032.27536650564,8,108,-2.13871923664796,1.26119724404931,2.06793269797682
"268","9","12","wp",2023-10-04,"Oct",2084.85096758631,6,75,-2.47473894445214,1.09953067083417,2.26343212616655
"269","9","13","wp",2023-10-04,"Oct",516.085256985349,7,47.5714285714286,-1.18440735214895,1.50672053723899,1.10530655206922
"270","9","14","c",2023-10-04,"Oct",3215.06374771513,11,81,-1.05096562564935,1.56479106471664,1.01003082068033
"271","9","15","p",2023-10-04,"Oct",15558.4793353338,10,94,-1.29676915747888,1.66381440460551,1.25077293749119
"272","9","16","w",2023-10-04,"Oct",165.3395606179,5,98,-2.2352088504392,1.89346211130885,2.00003406645966
"273","9","2","c",2023-10-04,"Oct",766.300677150209,5,98,-1.81265707502754,2.24676066166107,1.59297918396096
"274","9","3","p",2023-10-04,"Oct",2336.95159273556,17,101.375,-0.965258049623699,1.34760945151182,0.986820123031883
"275","9","4","wp",2023-10-04,"Oct",2742.3120265355,11,60,-1.14333423157462,1.19014684730439,1.09846182413663
"276","9","5","wp",2023-10-04,"Oct",855.589672079012,7,79,-1.27799459533022,1.96300328495532,1.18002979956878
"277","9","6","p",2023-10-04,"Oct",6004.69015718674,12,99,-1.03360263825057,1.67459808930426,1.00852760734316
"278","9","7","c",2023-10-04,"Oct",3453.42818979241,8,64,-1.58817659650691,1.29612896506313,1.52183963540739
"279","9","8","w",2023-10-04,"Oct",149.404540755804,6,85.8,-2.02873392776662,1.67232865389633,1.82528895279134
"280","9","9","w",2023-10-04,"Oct",865.675127744385,7,40,-1.80601551106479,0.86419813747227,1.65759749372322
