"","plot","sampling","total_abundance","total_biomass","n_species"
"1","1","0",128,NA,16
"2","1","0",128,NA,16
"3","1","0",128,NA,16
"4","1","0",128,NA,16
"5","1","0",128,NA,16
"6","1","0",128,NA,16
"7","1","0",128,NA,16
"8","1","0",128,NA,16
"9","1","0",128,NA,16
"10","1","0",128,NA,16
"11","1","0",128,NA,16
"12","1","0",128,NA,16
"13","1","0",128,NA,16
"14","1","0",128,NA,16
"15","1","0",128,NA,16
"16","1","0",128,NA,16
"17","1","1",118.5,NA,16
"18","1","1",118.5,NA,16
"19","1","1",118.5,NA,16
"20","1","1",118.5,NA,16
"21","1","1",118.5,NA,16
"22","1","1",118.5,NA,16
"23","1","1",118.5,NA,16
"24","1","1",118.5,NA,16
"25","1","1",118.5,NA,16
"26","1","1",118.5,NA,16
"27","1","1",118.5,NA,16
"28","1","1",118.5,NA,16
"29","1","1",118.5,NA,16
"30","1","1",118.5,NA,16
"31","1","1",118.5,NA,16
"32","1","1",118.5,NA,16
"33","1","2",91,NA,16
"34","1","2",91,NA,16
"35","1","2",91,NA,16
"36","1","2",91,NA,16
"37","1","2",91,NA,16
"38","1","2",91,NA,16
"39","1","2",91,NA,16
"40","1","2",91,NA,16
"41","1","2",91,NA,16
"42","1","2",91,NA,16
"43","1","2",91,NA,16
"44","1","2",91,NA,16
"45","1","2",91,NA,16
"46","1","2",91,NA,16
"47","1","2",91,NA,16
"48","1","2",91,NA,16
"49","1","3",95,NA,14
"50","1","3",95,NA,14
"51","1","3",95,NA,14
"52","1","3",95,NA,14
"53","1","3",95,NA,14
"54","1","3",95,NA,14
"55","1","3",95,NA,14
"56","1","3",95,NA,14
"57","1","3",95,NA,14
"58","1","3",95,NA,14
"59","1","3",95,NA,14
"60","1","3",95,NA,14
"61","1","3",95,NA,14
"62","1","3",95,NA,14
"63","1","4",55,536.49289975863,7
"64","1","4",55,536.49289975863,7
"65","1","4",55,536.49289975863,7
"66","1","4",55,536.49289975863,7
"67","1","4",55,536.49289975863,7
"68","1","4",55,536.49289975863,7
"69","1","4",55,536.49289975863,7
"70","1","5",69,611.307065045357,5
"71","1","5",69,611.307065045357,5
"72","1","5",69,611.307065045357,5
"73","1","5",69,611.307065045357,5
"74","1","5",69,611.307065045357,5
"75","1","6",60,264.445677320459,3
"76","1","6",60,264.445677320459,3
"77","1","6",60,264.445677320459,3
"78","1","7",49,229.203454102215,3
"79","1","7",49,229.203454102215,3
"80","1","7",49,229.203454102215,3
"81","1","8",58,335.068135818729,4
"82","1","8",58,335.068135818729,4
"83","1","8",58,335.068135818729,4
"84","1","9",63,330.1386225219,7
"85","1","9",63,330.1386225219,7
"86","1","9",63,330.1386225219,7
"87","1","9",63,330.1386225219,7
"88","1","9",63,330.1386225219,7
"89","1","9",63,330.1386225219,7
"90","1","10",57.5,371.099417667751,7
"91","1","10",57.5,371.099417667751,7
"92","1","10",57.5,371.099417667751,7
"93","1","10",57.5,371.099417667751,7
"94","1","10",57.5,371.099417667751,7
"95","1","10",57.5,371.099417667751,7
"96","1","11",76,381.643297123872,10
"97","1","11",76,381.643297123872,10
"98","1","11",76,381.643297123872,10
"99","1","11",76,381.643297123872,10
"100","1","11",76,381.643297123872,10
"101","1","11",76,381.643297123872,10
"102","1","11",76,381.643297123872,10
"103","1","11",76,381.643297123872,10
"104","2","0",100,NA,15
"105","2","0",100,NA,15
"106","2","0",100,NA,15
"107","2","0",100,NA,15
"108","2","0",100,NA,15
"109","2","0",100,NA,15
"110","2","0",100,NA,15
"111","2","0",100,NA,15
"112","2","0",100,NA,15
"113","2","0",100,NA,15
"114","2","0",100,NA,15
"115","2","0",100,NA,15
"116","2","0",100,NA,15
"117","2","0",100,NA,15
"118","2","0",100,NA,15
"119","2","1",96.7,NA,18
"120","2","1",96.7,NA,18
"121","2","1",96.7,NA,18
"122","2","1",96.7,NA,18
"123","2","1",96.7,NA,18
"124","2","1",96.7,NA,18
"125","2","1",96.7,NA,18
"126","2","1",96.7,NA,18
"127","2","1",96.7,NA,18
"128","2","1",96.7,NA,18
"129","2","1",96.7,NA,18
"130","2","1",96.7,NA,18
"131","2","1",96.7,NA,18
"132","2","1",96.7,NA,18
"133","2","1",96.7,NA,18
"134","2","1",96.7,NA,18
"135","2","1",96.7,NA,18
"136","2","1",96.7,NA,18
"137","2","2",96,NA,12
"138","2","2",96,NA,12
"139","2","2",96,NA,12
"140","2","2",96,NA,12
"141","2","2",96,NA,12
"142","2","2",96,NA,12
"143","2","2",96,NA,12
"144","2","2",96,NA,12
"145","2","2",96,NA,12
"146","2","2",96,NA,12
"147","2","2",96,NA,12
"148","2","2",96,NA,12
"149","2","3",40,NA,10
"150","2","3",40,NA,10
"151","2","3",40,NA,10
"152","2","3",40,NA,10
"153","2","3",40,NA,10
"154","2","3",40,NA,10
"155","2","3",40,NA,10
"156","2","3",40,NA,10
"157","2","3",40,NA,10
"158","2","3",40,NA,10
"159","2","4",29,104.377240149339,5
"160","2","4",29,104.377240149339,5
"161","2","4",29,104.377240149339,5
"162","2","4",29,104.377240149339,5
"163","2","5",53,141.210305111963,7
"164","2","5",53,141.210305111963,7
"165","2","5",53,141.210305111963,7
"166","2","5",53,141.210305111963,7
"167","2","5",53,141.210305111963,7
"168","2","5",53,141.210305111963,7
"169","2","5",53,141.210305111963,7
"170","2","6",21,84.0514647097874,2
"171","2","6",21,84.0514647097874,2
"172","2","7",27,71.2344183385874,3
"173","2","7",27,71.2344183385874,3
"174","2","8",34,113.56032621825,5
"175","2","8",34,113.56032621825,5
"176","2","8",34,113.56032621825,5
"177","2","8",34,113.56032621825,5
"178","2","9",43,138.065842037909,5
"179","2","9",43,138.065842037909,5
"180","2","9",43,138.065842037909,5
"181","2","9",43,138.065842037909,5
"182","2","10",40.5,150.23718625172,5
"183","2","10",40.5,150.23718625172,5
"184","2","10",40.5,150.23718625172,5
"185","2","10",40.5,150.23718625172,5
"186","2","11",31,53.9808666725935,11
"187","2","11",31,53.9808666725935,11
"188","2","11",31,53.9808666725935,11
"189","2","11",31,53.9808666725935,11
"190","2","11",31,53.9808666725935,11
"191","2","11",31,53.9808666725935,11
"192","2","11",31,53.9808666725935,11
"193","2","11",31,53.9808666725935,11
"194","3","0",127,NA,17
"195","3","0",127,NA,17
"196","3","0",127,NA,17
"197","3","0",127,NA,17
"198","3","0",127,NA,17
"199","3","0",127,NA,17
"200","3","0",127,NA,17
"201","3","0",127,NA,17
"202","3","0",127,NA,17
"203","3","0",127,NA,17
"204","3","0",127,NA,17
"205","3","0",127,NA,17
"206","3","0",127,NA,17
"207","3","0",127,NA,17
"208","3","0",127,NA,17
"209","3","0",127,NA,17
"210","3","2",4.3,NA,5
"211","3","2",4.3,NA,5
"212","3","2",4.3,NA,5
"213","3","2",4.3,NA,5
"214","3","2",4.3,NA,5
"215","3","3",30,16.0206134347597,12
"216","3","3",30,16.0206134347597,12
"217","3","3",30,16.0206134347597,12
"218","3","3",30,16.0206134347597,12
"219","3","3",30,16.0206134347597,12
"220","3","3",30,16.0206134347597,12
"221","3","3",30,16.0206134347597,12
"222","3","3",30,16.0206134347597,12
"223","3","3",30,16.0206134347597,12
"224","3","3",30,16.0206134347597,12
"225","3","3",30,16.0206134347597,12
"226","3","4",74,40.295672497957,11
"227","3","4",74,40.295672497957,11
"228","3","4",74,40.295672497957,11
"229","3","4",74,40.295672497957,11
"230","3","4",74,40.295672497957,11
"231","3","4",74,40.295672497957,11
"232","3","4",74,40.295672497957,11
"233","3","4",74,40.295672497957,11
"234","3","4",74,40.295672497957,11
"235","3","4",74,40.295672497957,11
"236","3","4",74,40.295672497957,11
"237","3","5",118,135.466904476161,13
"238","3","5",118,135.466904476161,13
"239","3","5",118,135.466904476161,13
"240","3","5",118,135.466904476161,13
"241","3","5",118,135.466904476161,13
"242","3","5",118,135.466904476161,13
"243","3","5",118,135.466904476161,13
"244","3","5",118,135.466904476161,13
"245","3","5",118,135.466904476161,13
"246","3","5",118,135.466904476161,13
"247","3","5",118,135.466904476161,13
"248","3","5",118,135.466904476161,13
"249","3","6",123,457.58600410052,12
"250","3","6",123,457.58600410052,12
"251","3","6",123,457.58600410052,12
"252","3","6",123,457.58600410052,12
"253","3","6",123,457.58600410052,12
"254","3","6",123,457.58600410052,12
"255","3","6",123,457.58600410052,12
"256","3","6",123,457.58600410052,12
"257","3","6",123,457.58600410052,12
"258","3","6",123,457.58600410052,12
"259","3","6",123,457.58600410052,12
"260","3","6",123,457.58600410052,12
"261","3","7",127,228.544686432586,10
"262","3","7",127,228.544686432586,10
"263","3","7",127,228.544686432586,10
"264","3","7",127,228.544686432586,10
"265","3","7",127,228.544686432586,10
"266","3","7",127,228.544686432586,10
"267","3","7",127,228.544686432586,10
"268","3","7",127,228.544686432586,10
"269","3","7",127,228.544686432586,10
"270","3","7",127,228.544686432586,10
"271","3","8",108.5,117.018355783442,15
"272","3","8",108.5,117.018355783442,15
"273","3","8",108.5,117.018355783442,15
"274","3","8",108.5,117.018355783442,15
"275","3","8",108.5,117.018355783442,15
"276","3","8",108.5,117.018355783442,15
"277","3","8",108.5,117.018355783442,15
"278","3","8",108.5,117.018355783442,15
"279","3","8",108.5,117.018355783442,15
"280","3","8",108.5,117.018355783442,15
"281","3","8",108.5,117.018355783442,15
"282","3","8",108.5,117.018355783442,15
"283","3","8",108.5,117.018355783442,15
"284","3","9",99,76.2308229661671,18
"285","3","9",99,76.2308229661671,18
"286","3","9",99,76.2308229661671,18
"287","3","9",99,76.2308229661671,18
"288","3","9",99,76.2308229661671,18
"289","3","9",99,76.2308229661671,18
"290","3","9",99,76.2308229661671,18
"291","3","9",99,76.2308229661671,18
"292","3","9",99,76.2308229661671,18
"293","3","9",99,76.2308229661671,18
"294","3","9",99,76.2308229661671,18
"295","3","9",99,76.2308229661671,18
"296","3","9",99,76.2308229661671,18
"297","3","9",99,76.2308229661671,18
"298","3","9",99,76.2308229661671,18
"299","3","9",99,76.2308229661671,18
"300","3","10",79,50.712210473068,17
"301","3","10",79,50.712210473068,17
"302","3","10",79,50.712210473068,17
"303","3","10",79,50.712210473068,17
"304","3","10",79,50.712210473068,17
"305","3","10",79,50.712210473068,17
"306","3","10",79,50.712210473068,17
"307","3","10",79,50.712210473068,17
"308","3","10",79,50.712210473068,17
"309","3","10",79,50.712210473068,17
"310","3","10",79,50.712210473068,17
"311","3","10",79,50.712210473068,17
"312","3","10",79,50.712210473068,17
"313","3","10",79,50.712210473068,17
"314","3","10",79,50.712210473068,17
"315","3","11",73,32.234572683802,17
"316","3","11",73,32.234572683802,17
"317","3","11",73,32.234572683802,17
"318","3","11",73,32.234572683802,17
"319","3","11",73,32.234572683802,17
"320","3","11",73,32.234572683802,17
"321","3","11",73,32.234572683802,17
"322","3","11",73,32.234572683802,17
"323","3","11",73,32.234572683802,17
"324","3","11",73,32.234572683802,17
"325","3","11",73,32.234572683802,17
"326","3","11",73,32.234572683802,17
"327","3","11",73,32.234572683802,17
"328","3","11",73,32.234572683802,17
"329","4","0",113,NA,12
"330","4","0",113,NA,12
"331","4","0",113,NA,12
"332","4","0",113,NA,12
"333","4","0",113,NA,12
"334","4","0",113,NA,12
"335","4","0",113,NA,12
"336","4","0",113,NA,12
"337","4","0",113,NA,12
"338","4","0",113,NA,12
"339","4","0",113,NA,12
"340","4","2",6.4,NA,7
"341","4","2",6.4,NA,7
"342","4","2",6.4,NA,7
"343","4","2",6.4,NA,7
"344","4","2",6.4,NA,7
"345","4","2",6.4,NA,7
"346","4","3",17,5.86489611088063,8
"347","4","3",17,5.86489611088063,8
"348","4","3",17,5.86489611088063,8
"349","4","3",17,5.86489611088063,8
"350","4","3",17,5.86489611088063,8
"351","4","3",17,5.86489611088063,8
"352","4","3",17,5.86489611088063,8
"353","4","4",34,26.0965692961002,8
"354","4","4",34,26.0965692961002,8
"355","4","4",34,26.0965692961002,8
"356","4","4",34,26.0965692961002,8
"357","4","4",34,26.0965692961002,8
"358","4","4",34,26.0965692961002,8
"359","4","4",34,26.0965692961002,8
"360","4","5",86,83.5494556376229,9
"361","4","5",86,83.5494556376229,9
"362","4","5",86,83.5494556376229,9
"363","4","5",86,83.5494556376229,9
"364","4","5",86,83.5494556376229,9
"365","4","5",86,83.5494556376229,9
"366","4","5",86,83.5494556376229,9
"367","4","5",86,83.5494556376229,9
"368","4","6",34,42.5039579257874,7
"369","4","6",34,42.5039579257874,7
"370","4","6",34,42.5039579257874,7
"371","4","6",34,42.5039579257874,7
"372","4","7",42,51.0874051312178,6
"373","4","7",42,51.0874051312178,6
"374","4","7",42,51.0874051312178,6
"375","4","7",42,51.0874051312178,6
"376","4","8",49,68.7428565556925,10
"377","4","8",49,68.7428565556925,10
"378","4","8",49,68.7428565556925,10
"379","4","8",49,68.7428565556925,10
"380","4","8",49,68.7428565556925,10
"381","4","8",49,68.7428565556925,10
"382","4","9",54,89.8455584760378,12
"383","4","9",54,89.8455584760378,12
"384","4","9",54,89.8455584760378,12
"385","4","9",54,89.8455584760378,12
"386","4","9",54,89.8455584760378,12
"387","4","9",54,89.8455584760378,12
"388","4","9",54,89.8455584760378,12
"389","4","9",54,89.8455584760378,12
"390","4","10",57,45.7878266945213,16
"391","4","10",57,45.7878266945213,16
"392","4","10",57,45.7878266945213,16
"393","4","10",57,45.7878266945213,16
"394","4","10",57,45.7878266945213,16
"395","4","10",57,45.7878266945213,16
"396","4","10",57,45.7878266945213,16
"397","4","10",57,45.7878266945213,16
"398","4","10",57,45.7878266945213,16
"399","4","10",57,45.7878266945213,16
"400","4","10",57,45.7878266945213,16
"401","4","11",74,43.6511448971353,16
"402","4","11",74,43.6511448971353,16
"403","4","11",74,43.6511448971353,16
"404","4","11",74,43.6511448971353,16
"405","4","11",74,43.6511448971353,16
"406","4","11",74,43.6511448971353,16
"407","4","11",74,43.6511448971353,16
"408","4","11",74,43.6511448971353,16
"409","4","11",74,43.6511448971353,16
"410","4","11",74,43.6511448971353,16
"411","4","11",74,43.6511448971353,16
"412","5","0",95,NA,12
"413","5","0",95,NA,12
"414","5","0",95,NA,12
"415","5","0",95,NA,12
"416","5","0",95,NA,12
"417","5","0",95,NA,12
"418","5","0",95,NA,12
"419","5","0",95,NA,12
"420","5","0",95,NA,12
"421","5","0",95,NA,12
"422","5","0",95,NA,12
"423","5","0",95,NA,12
"424","5","2",8,NA,4
"425","5","2",8,NA,4
"426","5","2",8,NA,4
"427","5","3",47,21.2653491601321,7
"428","5","3",47,21.2653491601321,7
"429","5","3",47,21.2653491601321,7
"430","5","3",47,21.2653491601321,7
"431","5","3",47,21.2653491601321,7
"432","5","3",47,21.2653491601321,7
"433","5","3",47,21.2653491601321,7
"434","5","4",68,28.4479597322053,7
"435","5","4",68,28.4479597322053,7
"436","5","4",68,28.4479597322053,7
"437","5","4",68,28.4479597322053,7
"438","5","4",68,28.4479597322053,7
"439","5","4",68,28.4479597322053,7
"440","5","4",68,28.4479597322053,7
"441","5","5",78,39.252284810472,6
"442","5","5",78,39.252284810472,6
"443","5","5",78,39.252284810472,6
"444","5","5",78,39.252284810472,6
"445","5","5",78,39.252284810472,6
"446","5","6",41,25.6703110241085,7
"447","5","6",41,25.6703110241085,7
"448","5","6",41,25.6703110241085,7
"449","5","6",41,25.6703110241085,7
"450","5","6",41,25.6703110241085,7
"451","5","6",41,25.6703110241085,7
"452","5","7",62,32.6082634733718,7
"453","5","7",62,32.6082634733718,7
"454","5","7",62,32.6082634733718,7
"455","5","7",62,32.6082634733718,7
"456","5","7",62,32.6082634733718,7
"457","5","7",62,32.6082634733718,7
"458","5","8",88,41.5276217758577,7
"459","5","8",88,41.5276217758577,7
"460","5","8",88,41.5276217758577,7
"461","5","8",88,41.5276217758577,7
"462","5","8",88,41.5276217758577,7
"463","5","8",88,41.5276217758577,7
"464","5","9",81.5,31.3041486177004,8
"465","5","9",81.5,31.3041486177004,8
"466","5","9",81.5,31.3041486177004,8
"467","5","9",81.5,31.3041486177004,8
"468","5","9",81.5,31.3041486177004,8
"469","5","9",81.5,31.3041486177004,8
"470","5","9",81.5,31.3041486177004,8
"471","5","10",61,22.6483330975045,7
"472","5","10",61,22.6483330975045,7
"473","5","10",61,22.6483330975045,7
"474","5","10",61,22.6483330975045,7
"475","5","10",61,22.6483330975045,7
"476","5","11",65,47.7652040673227,9
"477","5","11",65,47.7652040673227,9
"478","5","11",65,47.7652040673227,9
"479","5","11",65,47.7652040673227,9
"480","5","11",65,47.7652040673227,9
"481","5","11",65,47.7652040673227,9
"482","5","11",65,47.7652040673227,9
"483","5","11",65,47.7652040673227,9
"484","6","0",113,NA,12
"485","6","0",113,NA,12
"486","6","0",113,NA,12
"487","6","0",113,NA,12
"488","6","0",113,NA,12
"489","6","0",113,NA,12
"490","6","0",113,NA,12
"491","6","0",113,NA,12
"492","6","0",113,NA,12
"493","6","0",113,NA,12
"494","6","0",113,NA,12
"495","6","0",113,NA,12
"496","6","2",3.4,NA,3
"497","6","2",3.4,NA,3
"498","6","2",3.4,NA,3
"499","6","3",46,NA,6
"500","6","3",46,NA,6
"501","6","3",46,NA,6
"502","6","3",46,NA,6
"503","6","3",46,NA,6
"504","6","3",46,NA,6
"505","6","4",54,258.961649391669,7
"506","6","4",54,258.961649391669,7
"507","6","4",54,258.961649391669,7
"508","6","4",54,258.961649391669,7
"509","6","4",54,258.961649391669,7
"510","6","4",54,258.961649391669,7
"511","6","5",96,352.355716930937,8
"512","6","5",96,352.355716930937,8
"513","6","5",96,352.355716930937,8
"514","6","5",96,352.355716930937,8
"515","6","5",96,352.355716930937,8
"516","6","5",96,352.355716930937,8
"517","6","5",96,352.355716930937,8
"518","6","6",65,182.500507201504,7
"519","6","6",65,182.500507201504,7
"520","6","6",65,182.500507201504,7
"521","6","6",65,182.500507201504,7
"522","6","6",65,182.500507201504,7
"523","6","6",65,182.500507201504,7
"524","6","7",91,263.110002377975,9
"525","6","7",91,263.110002377975,9
"526","6","7",91,263.110002377975,9
"527","6","7",91,263.110002377975,9
"528","6","7",91,263.110002377975,9
"529","6","7",91,263.110002377975,9
"530","6","7",91,263.110002377975,9
"531","6","7",91,263.110002377975,9
"532","6","8",96.5,263.374114868167,12
"533","6","8",96.5,263.374114868167,12
"534","6","8",96.5,263.374114868167,12
"535","6","8",96.5,263.374114868167,12
"536","6","8",96.5,263.374114868167,12
"537","6","8",96.5,263.374114868167,12
"538","6","8",96.5,263.374114868167,12
"539","6","8",96.5,263.374114868167,12
"540","6","8",96.5,263.374114868167,12
"541","6","8",96.5,263.374114868167,12
"542","6","9",92,275.232704189624,12
"543","6","9",92,275.232704189624,12
"544","6","9",92,275.232704189624,12
"545","6","9",92,275.232704189624,12
"546","6","9",92,275.232704189624,12
"547","6","9",92,275.232704189624,12
"548","6","9",92,275.232704189624,12
"549","6","9",92,275.232704189624,12
"550","6","9",92,275.232704189624,12
"551","6","9",92,275.232704189624,12
"552","6","10",82.5,223.644461875826,14
"553","6","10",82.5,223.644461875826,14
"554","6","10",82.5,223.644461875826,14
"555","6","10",82.5,223.644461875826,14
"556","6","10",82.5,223.644461875826,14
"557","6","10",82.5,223.644461875826,14
"558","6","10",82.5,223.644461875826,14
"559","6","10",82.5,223.644461875826,14
"560","6","10",82.5,223.644461875826,14
"561","6","10",82.5,223.644461875826,14
"562","6","10",82.5,223.644461875826,14
"563","6","10",82.5,223.644461875826,14
"564","6","11",94,321.131288406412,19
"565","6","11",94,321.131288406412,19
"566","6","11",94,321.131288406412,19
"567","6","11",94,321.131288406412,19
"568","6","11",94,321.131288406412,19
"569","6","11",94,321.131288406412,19
"570","6","11",94,321.131288406412,19
"571","6","11",94,321.131288406412,19
"572","6","11",94,321.131288406412,19
"573","6","11",94,321.131288406412,19
"574","6","11",94,321.131288406412,19
"575","6","11",94,321.131288406412,19
"576","6","11",94,321.131288406412,19
"577","6","11",94,321.131288406412,19
"578","6","11",94,321.131288406412,19
"579","7","0",124,NA,10
"580","7","0",124,NA,10
"581","7","0",124,NA,10
"582","7","0",124,NA,10
"583","7","0",124,NA,10
"584","7","0",124,NA,10
"585","7","0",124,NA,10
"586","7","0",124,NA,10
"587","7","0",124,NA,10
"588","7","0",124,NA,10
"589","7","1",127,NA,14
"590","7","1",127,NA,14
"591","7","1",127,NA,14
"592","7","1",127,NA,14
"593","7","1",127,NA,14
"594","7","1",127,NA,14
"595","7","1",127,NA,14
"596","7","1",127,NA,14
"597","7","1",127,NA,14
"598","7","1",127,NA,14
"599","7","1",127,NA,14
"600","7","1",127,NA,14
"601","7","1",127,NA,14
"602","7","1",127,NA,14
"603","7","2",113,NA,17
"604","7","2",113,NA,17
"605","7","2",113,NA,17
"606","7","2",113,NA,17
"607","7","2",113,NA,17
"608","7","2",113,NA,17
"609","7","2",113,NA,17
"610","7","2",113,NA,17
"611","7","2",113,NA,17
"612","7","2",113,NA,17
"613","7","2",113,NA,17
"614","7","2",113,NA,17
"615","7","2",113,NA,17
"616","7","2",113,NA,17
"617","7","2",113,NA,17
"618","7","2",113,NA,17
"619","7","2",113,NA,17
"620","7","3",110,45.9957889666053,9
"621","7","3",110,45.9957889666053,9
"622","7","3",110,45.9957889666053,9
"623","7","3",110,45.9957889666053,9
"624","7","3",110,45.9957889666053,9
"625","7","3",110,45.9957889666053,9
"626","7","3",110,45.9957889666053,9
"627","7","3",110,45.9957889666053,9
"628","7","3",110,45.9957889666053,9
"629","7","4",100,98.7920107248288,6
"630","7","4",100,98.7920107248288,6
"631","7","4",100,98.7920107248288,6
"632","7","4",100,98.7920107248288,6
"633","7","4",100,98.7920107248288,6
"634","7","4",100,98.7920107248288,6
"635","7","5",87,84.90753286538,6
"636","7","5",87,84.90753286538,6
"637","7","5",87,84.90753286538,6
"638","7","5",87,84.90753286538,6
"639","7","5",87,84.90753286538,6
"640","7","5",87,84.90753286538,6
"641","7","6",24,6.46040543572468,6
"642","7","6",24,6.46040543572468,6
"643","7","6",24,6.46040543572468,6
"644","7","6",24,6.46040543572468,6
"645","7","6",24,6.46040543572468,6
"646","7","7",30,55.103416195436,5
"647","7","7",30,55.103416195436,5
"648","7","7",30,55.103416195436,5
"649","7","7",30,55.103416195436,5
"650","7","8",51,332.881303540935,8
"651","7","8",51,332.881303540935,8
"652","7","8",51,332.881303540935,8
"653","7","8",51,332.881303540935,8
"654","7","8",51,332.881303540935,8
"655","7","8",51,332.881303540935,8
"656","7","8",51,332.881303540935,8
"657","7","9",49,139.865063597796,9
"658","7","9",49,139.865063597796,9
"659","7","9",49,139.865063597796,9
"660","7","9",49,139.865063597796,9
"661","7","9",49,139.865063597796,9
"662","7","9",49,139.865063597796,9
"663","7","9",49,139.865063597796,9
"664","7","9",49,139.865063597796,9
"665","7","10",80,81.8635546508812,11
"666","7","10",80,81.8635546508812,11
"667","7","10",80,81.8635546508812,11
"668","7","10",80,81.8635546508812,11
"669","7","10",80,81.8635546508812,11
"670","7","10",80,81.8635546508812,11
"671","7","10",80,81.8635546508812,11
"672","7","10",80,81.8635546508812,11
"673","7","10",80,81.8635546508812,11
"674","7","10",80,81.8635546508812,11
"675","7","11",88,105.037640596135,16
"676","7","11",88,105.037640596135,16
"677","7","11",88,105.037640596135,16
"678","7","11",88,105.037640596135,16
"679","7","11",88,105.037640596135,16
"680","7","11",88,105.037640596135,16
"681","7","11",88,105.037640596135,16
"682","7","11",88,105.037640596135,16
"683","7","11",88,105.037640596135,16
"684","7","11",88,105.037640596135,16
"685","8","0",106,NA,9
"686","8","0",106,NA,9
"687","8","0",106,NA,9
"688","8","0",106,NA,9
"689","8","0",106,NA,9
"690","8","0",106,NA,9
"691","8","0",106,NA,9
"692","8","0",106,NA,9
"693","8","0",106,NA,9
"694","8","1",98,NA,12
"695","8","1",98,NA,12
"696","8","1",98,NA,12
"697","8","1",98,NA,12
"698","8","1",98,NA,12
"699","8","1",98,NA,12
"700","8","1",98,NA,12
"701","8","1",98,NA,12
"702","8","1",98,NA,12
"703","8","1",98,NA,12
"704","8","1",98,NA,12
"705","8","1",98,NA,12
"706","8","2",98,NA,12
"707","8","2",98,NA,12
"708","8","2",98,NA,12
"709","8","2",98,NA,12
"710","8","2",98,NA,12
"711","8","2",98,NA,12
"712","8","2",98,NA,12
"713","8","2",98,NA,12
"714","8","2",98,NA,12
"715","8","2",98,NA,12
"716","8","2",98,NA,12
"717","8","2",98,NA,12
"718","8","3",68,NA,8
"719","8","3",68,NA,8
"720","8","3",68,NA,8
"721","8","3",68,NA,8
"722","8","3",68,NA,8
"723","8","3",68,NA,8
"724","8","3",68,NA,8
"725","8","3",68,NA,8
"726","8","4",73,30.0053667785529,6
"727","8","4",73,30.0053667785529,6
"728","8","4",73,30.0053667785529,6
"729","8","4",73,30.0053667785529,6
"730","8","4",73,30.0053667785529,6
"731","8","4",73,30.0053667785529,6
"732","8","5",76,18.0856346096983,3
"733","8","5",76,18.0856346096983,3
"734","8","5",76,18.0856346096983,3
"735","8","6",26,5.12394756524171,4
"736","8","6",26,5.12394756524171,4
"737","8","6",26,5.12394756524171,4
"738","8","7",35,7.16229637296718,4
"739","8","7",35,7.16229637296718,4
"740","8","7",35,7.16229637296718,4
"741","8","7",35,7.16229637296718,4
"742","8","8",37,9.81912359418714,6
"743","8","8",37,9.81912359418714,6
"744","8","8",37,9.81912359418714,6
"745","8","8",37,9.81912359418714,6
"746","8","8",37,9.81912359418714,6
"747","8","9",85.8,18.1274760383469,6
"748","8","9",85.8,18.1274760383469,6
"749","8","9",85.8,18.1274760383469,6
"750","8","9",85.8,18.1274760383469,6
"751","8","9",85.8,18.1274760383469,6
"752","8","9",85.8,18.1274760383469,6
"753","8","10",109,34.1168187456459,8
"754","8","10",109,34.1168187456459,8
"755","8","10",109,34.1168187456459,8
"756","8","10",109,34.1168187456459,8
"757","8","10",109,34.1168187456459,8
"758","8","10",109,34.1168187456459,8
"759","8","10",109,34.1168187456459,8
"760","8","11",96,24.3748350589397,9
"761","8","11",96,24.3748350589397,9
"762","8","11",96,24.3748350589397,9
"763","8","11",96,24.3748350589397,9
"764","8","11",96,24.3748350589397,9
"765","8","11",96,24.3748350589397,9
"766","8","11",96,24.3748350589397,9
"767","9","0",101,NA,10
"768","9","0",101,NA,10
"769","9","0",101,NA,10
"770","9","0",101,NA,10
"771","9","0",101,NA,10
"772","9","0",101,NA,10
"773","9","0",101,NA,10
"774","9","0",101,NA,10
"775","9","0",101,NA,10
"776","9","1",119,NA,11
"777","9","1",119,NA,11
"778","9","1",119,NA,11
"779","9","1",119,NA,11
"780","9","1",119,NA,11
"781","9","1",119,NA,11
"782","9","1",119,NA,11
"783","9","1",119,NA,11
"784","9","1",119,NA,11
"785","9","1",119,NA,11
"786","9","1",119,NA,11
"787","9","2",95.5,NA,16
"788","9","2",95.5,NA,16
"789","9","2",95.5,NA,16
"790","9","2",95.5,NA,16
"791","9","2",95.5,NA,16
"792","9","2",95.5,NA,16
"793","9","2",95.5,NA,16
"794","9","2",95.5,NA,16
"795","9","2",95.5,NA,16
"796","9","2",95.5,NA,16
"797","9","2",95.5,NA,16
"798","9","2",95.5,NA,16
"799","9","2",95.5,NA,16
"800","9","2",95.5,NA,16
"801","9","2",95.5,NA,16
"802","9","2",95.5,NA,16
"803","9","3",96.5,NA,12
"804","9","3",96.5,NA,12
"805","9","3",96.5,NA,12
"806","9","3",96.5,NA,12
"807","9","3",96.5,NA,12
"808","9","3",96.5,NA,12
"809","9","3",96.5,NA,12
"810","9","3",96.5,NA,12
"811","9","3",96.5,NA,12
"812","9","3",96.5,NA,12
"813","9","3",96.5,NA,12
"814","9","3",96.5,NA,12
"815","9","4",77,111.457281395499,8
"816","9","4",77,111.457281395499,8
"817","9","4",77,111.457281395499,8
"818","9","4",77,111.457281395499,8
"819","9","4",77,111.457281395499,8
"820","9","4",77,111.457281395499,8
"821","9","4",77,111.457281395499,8
"822","9","4",77,111.457281395499,8
"823","9","5",56,78.6412837456971,9
"824","9","5",56,78.6412837456971,9
"825","9","5",56,78.6412837456971,9
"826","9","5",56,78.6412837456971,9
"827","9","5",56,78.6412837456971,9
"828","9","5",56,78.6412837456971,9
"829","9","5",56,78.6412837456971,9
"830","9","5",56,78.6412837456971,9
"831","9","6",34,35.7066286868219,6
"832","9","6",34,35.7066286868219,6
"833","9","6",34,35.7066286868219,6
"834","9","6",34,35.7066286868219,6
"835","9","6",34,35.7066286868219,6
"836","9","7",35,50.5490277946046,9
"837","9","7",35,50.5490277946046,9
"838","9","7",35,50.5490277946046,9
"839","9","7",35,50.5490277946046,9
"840","9","7",35,50.5490277946046,9
"841","9","7",35,50.5490277946046,9
"842","9","7",35,50.5490277946046,9
"843","9","8",47,87.5687456289534,9
"844","9","8",47,87.5687456289534,9
"845","9","8",47,87.5687456289534,9
"846","9","8",47,87.5687456289534,9
"847","9","8",47,87.5687456289534,9
"848","9","8",47,87.5687456289534,9
"849","9","8",47,87.5687456289534,9
"850","9","9",44,23.4787836980852,8
"851","9","9",44,23.4787836980852,8
"852","9","9",44,23.4787836980852,8
"853","9","9",44,23.4787836980852,8
"854","9","9",44,23.4787836980852,8
"855","9","9",44,23.4787836980852,8
"856","9","10",57,176.446548976743,7
"857","9","10",57,176.446548976743,7
"858","9","10",57,176.446548976743,7
"859","9","10",57,176.446548976743,7
"860","9","10",57,176.446548976743,7
"861","9","11",68.5,179.773620226752,10
"862","9","11",68.5,179.773620226752,10
"863","9","11",68.5,179.773620226752,10
"864","9","11",68.5,179.773620226752,10
"865","9","11",68.5,179.773620226752,10
"866","9","11",68.5,179.773620226752,10
"867","9","11",68.5,179.773620226752,10
"868","9","11",68.5,179.773620226752,10
"869","10","0",86,NA,10
"870","10","0",86,NA,10
"871","10","0",86,NA,10
"872","10","0",86,NA,10
"873","10","0",86,NA,10
"874","10","0",86,NA,10
"875","10","0",86,NA,10
"876","10","0",86,NA,10
"877","10","0",86,NA,10
"878","10","2",3.4,NA,3
"879","10","2",3.4,NA,3
"880","10","2",3.4,NA,3
"881","10","3",35,NA,7
"882","10","3",35,NA,7
"883","10","3",35,NA,7
"884","10","3",35,NA,7
"885","10","3",35,NA,7
"886","10","3",35,NA,7
"887","10","3",35,NA,7
"888","10","4",43,9.54667067920763,7
"889","10","4",43,9.54667067920763,7
"890","10","4",43,9.54667067920763,7
"891","10","4",43,9.54667067920763,7
"892","10","4",43,9.54667067920763,7
"893","10","4",43,9.54667067920763,7
"894","10","4",43,9.54667067920763,7
"895","10","5",75,22.9337850364811,11
"896","10","5",75,22.9337850364811,11
"897","10","5",75,22.9337850364811,11
"898","10","5",75,22.9337850364811,11
"899","10","5",75,22.9337850364811,11
"900","10","5",75,22.9337850364811,11
"901","10","5",75,22.9337850364811,11
"902","10","5",75,22.9337850364811,11
"903","10","5",75,22.9337850364811,11
"904","10","5",75,22.9337850364811,11
"905","10","6",82,157.511791520207,9
"906","10","6",82,157.511791520207,9
"907","10","6",82,157.511791520207,9
"908","10","6",82,157.511791520207,9
"909","10","6",82,157.511791520207,9
"910","10","6",82,157.511791520207,9
"911","10","6",82,157.511791520207,9
"912","10","6",82,157.511791520207,9
"913","10","7",82,21.2273727095261,12
"914","10","7",82,21.2273727095261,12
"915","10","7",82,21.2273727095261,12
"916","10","7",82,21.2273727095261,12
"917","10","7",82,21.2273727095261,12
"918","10","7",82,21.2273727095261,12
"919","10","7",82,21.2273727095261,12
"920","10","7",82,21.2273727095261,12
"921","10","7",82,21.2273727095261,12
"922","10","7",82,21.2273727095261,12
"923","10","8",92,24.0783204357524,14
"924","10","8",92,24.0783204357524,14
"925","10","8",92,24.0783204357524,14
"926","10","8",92,24.0783204357524,14
"927","10","8",92,24.0783204357524,14
"928","10","8",92,24.0783204357524,14
"929","10","8",92,24.0783204357524,14
"930","10","8",92,24.0783204357524,14
"931","10","8",92,24.0783204357524,14
"932","10","8",92,24.0783204357524,14
"933","10","8",92,24.0783204357524,14
"934","10","9",69,24.7970435465269,13
"935","10","9",69,24.7970435465269,13
"936","10","9",69,24.7970435465269,13
"937","10","9",69,24.7970435465269,13
"938","10","9",69,24.7970435465269,13
"939","10","9",69,24.7970435465269,13
"940","10","9",69,24.7970435465269,13
"941","10","9",69,24.7970435465269,13
"942","10","9",69,24.7970435465269,13
"943","10","9",69,24.7970435465269,13
"944","10","10",75,14.7013292236198,16
"945","10","10",75,14.7013292236198,16
"946","10","10",75,14.7013292236198,16
"947","10","10",75,14.7013292236198,16
"948","10","10",75,14.7013292236198,16
"949","10","10",75,14.7013292236198,16
"950","10","10",75,14.7013292236198,16
"951","10","10",75,14.7013292236198,16
"952","10","10",75,14.7013292236198,16
"953","10","10",75,14.7013292236198,16
"954","10","10",75,14.7013292236198,16
"955","10","10",75,14.7013292236198,16
"956","10","11",62.5,45.9720846584391,20
"957","10","11",62.5,45.9720846584391,20
"958","10","11",62.5,45.9720846584391,20
"959","10","11",62.5,45.9720846584391,20
"960","10","11",62.5,45.9720846584391,20
"961","10","11",62.5,45.9720846584391,20
"962","10","11",62.5,45.9720846584391,20
"963","10","11",62.5,45.9720846584391,20
"964","10","11",62.5,45.9720846584391,20
"965","10","11",62.5,45.9720846584391,20
"966","10","11",62.5,45.9720846584391,20
"967","10","11",62.5,45.9720846584391,20
"968","10","11",62.5,45.9720846584391,20
"969","11","0",114,NA,13
"970","11","0",114,NA,13
"971","11","0",114,NA,13
"972","11","0",114,NA,13
"973","11","0",114,NA,13
"974","11","0",114,NA,13
"975","11","0",114,NA,13
"976","11","0",114,NA,13
"977","11","0",114,NA,13
"978","11","0",114,NA,13
"979","11","0",114,NA,13
"980","11","0",114,NA,13
"981","11","0",114,NA,13
"982","11","1",105,NA,13
"983","11","1",105,NA,13
"984","11","1",105,NA,13
"985","11","1",105,NA,13
"986","11","1",105,NA,13
"987","11","1",105,NA,13
"988","11","1",105,NA,13
"989","11","1",105,NA,13
"990","11","1",105,NA,13
"991","11","1",105,NA,13
"992","11","1",105,NA,13
"993","11","1",105,NA,13
"994","11","1",105,NA,13
"995","11","2",98,NA,15
"996","11","2",98,NA,15
"997","11","2",98,NA,15
"998","11","2",98,NA,15
"999","11","2",98,NA,15
"1000","11","2",98,NA,15
"1001","11","2",98,NA,15
"1002","11","2",98,NA,15
"1003","11","2",98,NA,15
"1004","11","2",98,NA,15
"1005","11","2",98,NA,15
"1006","11","2",98,NA,15
"1007","11","2",98,NA,15
"1008","11","2",98,NA,15
"1009","11","2",98,NA,15
"1010","11","3",98,NA,7
"1011","11","3",98,NA,7
"1012","11","3",98,NA,7
"1013","11","3",98,NA,7
"1014","11","3",98,NA,7
"1015","11","3",98,NA,7
"1016","11","3",98,NA,7
"1017","11","4",72,73.4556583244421,5
"1018","11","4",72,73.4556583244421,5
"1019","11","4",72,73.4556583244421,5
"1020","11","4",72,73.4556583244421,5
"1021","11","4",72,73.4556583244421,5
"1022","11","5",109,167.693647825945,5
"1023","11","5",109,167.693647825945,5
"1024","11","5",109,167.693647825945,5
"1025","11","5",109,167.693647825945,5
"1026","11","5",109,167.693647825945,5
"1027","11","6",54,19.5849638043921,4
"1028","11","6",54,19.5849638043921,4
"1029","11","6",54,19.5849638043921,4
"1030","11","6",54,19.5849638043921,4
"1031","11","7",84,35.5203635546982,6
"1032","11","7",84,35.5203635546982,6
"1033","11","7",84,35.5203635546982,6
"1034","11","7",84,35.5203635546982,6
"1035","11","7",84,35.5203635546982,6
"1036","11","7",84,35.5203635546982,6
"1037","11","8",91.5,38.0589551429972,8
"1038","11","8",91.5,38.0589551429972,8
"1039","11","8",91.5,38.0589551429972,8
"1040","11","8",91.5,38.0589551429972,8
"1041","11","8",91.5,38.0589551429972,8
"1042","11","8",91.5,38.0589551429972,8
"1043","11","8",91.5,38.0589551429972,8
"1044","11","8",91.5,38.0589551429972,8
"1045","11","9",108,46.9024669920695,8
"1046","11","9",108,46.9024669920695,8
"1047","11","9",108,46.9024669920695,8
"1048","11","9",108,46.9024669920695,8
"1049","11","9",108,46.9024669920695,8
"1050","11","9",108,46.9024669920695,8
"1051","11","9",108,46.9024669920695,8
"1052","11","9",108,46.9024669920695,8
"1053","11","10",101,45.4121502250415,8
"1054","11","10",101,45.4121502250415,8
"1055","11","10",101,45.4121502250415,8
"1056","11","10",101,45.4121502250415,8
"1057","11","10",101,45.4121502250415,8
"1058","11","10",101,45.4121502250415,8
"1059","11","10",101,45.4121502250415,8
"1060","11","10",101,45.4121502250415,8
"1061","11","11",104,39.6293553242706,11
"1062","11","11",104,39.6293553242706,11
"1063","11","11",104,39.6293553242706,11
"1064","11","11",104,39.6293553242706,11
"1065","11","11",104,39.6293553242706,11
"1066","11","11",104,39.6293553242706,11
"1067","11","11",104,39.6293553242706,11
"1068","11","11",104,39.6293553242706,11
"1069","11","11",104,39.6293553242706,11
"1070","11","11",104,39.6293553242706,11
"1071","12","0",100,NA,15
"1072","12","0",100,NA,15
"1073","12","0",100,NA,15
"1074","12","0",100,NA,15
"1075","12","0",100,NA,15
"1076","12","0",100,NA,15
"1077","12","0",100,NA,15
"1078","12","0",100,NA,15
"1079","12","0",100,NA,15
"1080","12","0",100,NA,15
"1081","12","0",100,NA,15
"1082","12","0",100,NA,15
"1083","12","0",100,NA,15
"1084","12","0",100,NA,15
"1085","12","0",100,NA,15
"1086","12","2",7.8,NA,2
"1087","12","2",7.8,NA,2
"1088","12","3",33,8.71633968924672,5
"1089","12","3",33,8.71633968924672,5
"1090","12","3",33,8.71633968924672,5
"1091","12","3",33,8.71633968924672,5
"1092","12","3",33,8.71633968924672,5
"1093","12","4",45,11.7132935636322,6
"1094","12","4",45,11.7132935636322,6
"1095","12","4",45,11.7132935636322,6
"1096","12","4",45,11.7132935636322,6
"1097","12","4",45,11.7132935636322,6
"1098","12","4",45,11.7132935636322,6
"1099","12","5",74,18.2690625082165,6
"1100","12","5",74,18.2690625082165,6
"1101","12","5",74,18.2690625082165,6
"1102","12","5",74,18.2690625082165,6
"1103","12","5",74,18.2690625082165,6
"1104","12","5",74,18.2690625082165,6
"1105","12","6",33,12.6104374560328,4
"1106","12","6",33,12.6104374560328,4
"1107","12","6",33,12.6104374560328,4
"1108","12","6",33,12.6104374560328,4
"1109","12","7",31,9.59106453192367,4
"1110","12","7",31,9.59106453192367,4
"1111","12","7",31,9.59106453192367,4
"1112","12","7",31,9.59106453192367,4
"1113","12","8",72.5,32.0957634510361,6
"1114","12","8",72.5,32.0957634510361,6
"1115","12","8",72.5,32.0957634510361,6
"1116","12","8",72.5,32.0957634510361,6
"1117","12","8",72.5,32.0957634510361,6
"1118","12","8",72.5,32.0957634510361,6
"1119","12","9",75,29.2448255065746,7
"1120","12","9",75,29.2448255065746,7
"1121","12","9",75,29.2448255065746,7
"1122","12","9",75,29.2448255065746,7
"1123","12","9",75,29.2448255065746,7
"1124","12","9",75,29.2448255065746,7
"1125","12","10",88,31.3704323604058,5
"1126","12","10",88,31.3704323604058,5
"1127","12","10",88,31.3704323604058,5
"1128","12","10",88,31.3704323604058,5
"1129","12","10",88,31.3704323604058,5
"1130","12","11",56,20.2094946488463,6
"1131","12","11",56,20.2094946488463,6
"1132","12","11",56,20.2094946488463,6
"1133","12","11",56,20.2094946488463,6
"1134","12","11",56,20.2094946488463,6
"1135","13","0",108,NA,10
"1136","13","0",108,NA,10
"1137","13","0",108,NA,10
"1138","13","0",108,NA,10
"1139","13","0",108,NA,10
"1140","13","0",108,NA,10
"1141","13","0",108,NA,10
"1142","13","0",108,NA,10
"1143","13","0",108,NA,10
"1144","13","0",108,NA,10
"1145","13","2",1.2,NA,2
"1146","13","2",1.2,NA,2
"1147","13","3",58,NA,8
"1148","13","3",58,NA,8
"1149","13","3",58,NA,8
"1150","13","3",58,NA,8
"1151","13","3",58,NA,8
"1152","13","3",58,NA,8
"1153","13","3",58,NA,8
"1154","13","3",58,NA,8
"1155","13","4",34,13.8759496535091,6
"1156","13","4",34,13.8759496535091,6
"1157","13","4",34,13.8759496535091,6
"1158","13","4",34,13.8759496535091,6
"1159","13","4",34,13.8759496535091,6
"1160","13","4",34,13.8759496535091,6
"1161","13","5",48,25.1506244832257,6
"1162","13","5",48,25.1506244832257,6
"1163","13","5",48,25.1506244832257,6
"1164","13","5",48,25.1506244832257,6
"1165","13","5",48,25.1506244832257,6
"1166","13","5",48,25.1506244832257,6
"1167","13","6",48,43.6580244991733,7
"1168","13","6",48,43.6580244991733,7
"1169","13","6",48,43.6580244991733,7
"1170","13","6",48,43.6580244991733,7
"1171","13","6",48,43.6580244991733,7
"1172","13","7",43,35.1024606425201,7
"1173","13","7",43,35.1024606425201,7
"1174","13","7",43,35.1024606425201,7
"1175","13","7",43,35.1024606425201,7
"1176","13","7",43,35.1024606425201,7
"1177","13","8",52,41.1888091324391,7
"1178","13","8",52,41.1888091324391,7
"1179","13","8",52,41.1888091324391,7
"1180","13","8",52,41.1888091324391,7
"1181","13","9",49,21.2745823874398,10
"1182","13","9",49,21.2745823874398,10
"1183","13","9",49,21.2745823874398,10
"1184","13","9",49,21.2745823874398,10
"1185","13","9",49,21.2745823874398,10
"1186","13","9",49,21.2745823874398,10
"1187","13","9",49,21.2745823874398,10
"1188","13","10",58,20.2758762910287,13
"1189","13","10",58,20.2758762910287,13
"1190","13","10",58,20.2758762910287,13
"1191","13","10",58,20.2758762910287,13
"1192","13","10",58,20.2758762910287,13
"1193","13","10",58,20.2758762910287,13
"1194","13","10",58,20.2758762910287,13
"1195","13","10",58,20.2758762910287,13
"1196","13","11",84.5,17.1851563928159,14
"1197","13","11",84.5,17.1851563928159,14
"1198","13","11",84.5,17.1851563928159,14
"1199","13","11",84.5,17.1851563928159,14
"1200","13","11",84.5,17.1851563928159,14
"1201","13","11",84.5,17.1851563928159,14
"1202","13","11",84.5,17.1851563928159,14
"1203","13","11",84.5,17.1851563928159,14
"1204","13","11",84.5,17.1851563928159,14
"1205","14","0",104,NA,25
"1206","14","0",104,NA,25
"1207","14","0",104,NA,25
"1208","14","0",104,NA,25
"1209","14","0",104,NA,25
"1210","14","0",104,NA,25
"1211","14","0",104,NA,25
"1212","14","0",104,NA,25
"1213","14","0",104,NA,25
"1214","14","0",104,NA,25
"1215","14","0",104,NA,25
"1216","14","0",104,NA,25
"1217","14","0",104,NA,25
"1218","14","0",104,NA,25
"1219","14","0",104,NA,25
"1220","14","0",104,NA,25
"1221","14","0",104,NA,25
"1222","14","0",104,NA,25
"1223","14","0",104,NA,25
"1224","14","0",104,NA,25
"1225","14","0",104,NA,25
"1226","14","0",104,NA,25
"1227","14","0",104,NA,25
"1228","14","0",104,NA,25
"1229","14","0",104,NA,25
"1230","14","1",100.5,NA,25
"1231","14","1",100.5,NA,25
"1232","14","1",100.5,NA,25
"1233","14","1",100.5,NA,25
"1234","14","1",100.5,NA,25
"1235","14","1",100.5,NA,25
"1236","14","1",100.5,NA,25
"1237","14","1",100.5,NA,25
"1238","14","1",100.5,NA,25
"1239","14","1",100.5,NA,25
"1240","14","1",100.5,NA,25
"1241","14","1",100.5,NA,25
"1242","14","1",100.5,NA,25
"1243","14","1",100.5,NA,25
"1244","14","1",100.5,NA,25
"1245","14","1",100.5,NA,25
"1246","14","1",100.5,NA,25
"1247","14","1",100.5,NA,25
"1248","14","1",100.5,NA,25
"1249","14","1",100.5,NA,25
"1250","14","1",100.5,NA,25
"1251","14","1",100.5,NA,25
"1252","14","1",100.5,NA,25
"1253","14","1",100.5,NA,25
"1254","14","1",100.5,NA,25
"1255","14","2",129,NA,20
"1256","14","2",129,NA,20
"1257","14","2",129,NA,20
"1258","14","2",129,NA,20
"1259","14","2",129,NA,20
"1260","14","2",129,NA,20
"1261","14","2",129,NA,20
"1262","14","2",129,NA,20
"1263","14","2",129,NA,20
"1264","14","2",129,NA,20
"1265","14","2",129,NA,20
"1266","14","2",129,NA,20
"1267","14","2",129,NA,20
"1268","14","2",129,NA,20
"1269","14","2",129,NA,20
"1270","14","2",129,NA,20
"1271","14","2",129,NA,20
"1272","14","2",129,NA,20
"1273","14","2",129,NA,20
"1274","14","2",129,NA,20
"1275","14","3",136,NA,14
"1276","14","3",136,NA,14
"1277","14","3",136,NA,14
"1278","14","3",136,NA,14
"1279","14","3",136,NA,14
"1280","14","3",136,NA,14
"1281","14","3",136,NA,14
"1282","14","3",136,NA,14
"1283","14","3",136,NA,14
"1284","14","3",136,NA,14
"1285","14","3",136,NA,14
"1286","14","3",136,NA,14
"1287","14","3",136,NA,14
"1288","14","3",136,NA,14
"1289","14","4",68,132.134026711795,6
"1290","14","4",68,132.134026711795,6
"1291","14","4",68,132.134026711795,6
"1292","14","4",68,132.134026711795,6
"1293","14","4",68,132.134026711795,6
"1294","14","4",68,132.134026711795,6
"1295","14","5",118,243.562994960182,7
"1296","14","5",118,243.562994960182,7
"1297","14","5",118,243.562994960182,7
"1298","14","5",118,243.562994960182,7
"1299","14","5",118,243.562994960182,7
"1300","14","5",118,243.562994960182,7
"1301","14","5",118,243.562994960182,7
"1302","14","6",56,112.64134071328,6
"1303","14","6",56,112.64134071328,6
"1304","14","6",56,112.64134071328,6
"1305","14","6",56,112.64134071328,6
"1306","14","6",56,112.64134071328,6
"1307","14","6",56,112.64134071328,6
"1308","14","7",60,162.582587922313,6
"1309","14","7",60,162.582587922313,6
"1310","14","7",60,162.582587922313,6
"1311","14","7",60,162.582587922313,6
"1312","14","7",60,162.582587922313,6
"1313","14","8",73,423.364086482333,9
"1314","14","8",73,423.364086482333,9
"1315","14","8",73,423.364086482333,9
"1316","14","8",73,423.364086482333,9
"1317","14","8",73,423.364086482333,9
"1318","14","8",73,423.364086482333,9
"1319","14","8",73,423.364086482333,9
"1320","14","8",73,423.364086482333,9
"1321","14","9",91,170.638626007349,12
"1322","14","9",91,170.638626007349,12
"1323","14","9",91,170.638626007349,12
"1324","14","9",91,170.638626007349,12
"1325","14","9",91,170.638626007349,12
"1326","14","9",91,170.638626007349,12
"1327","14","9",91,170.638626007349,12
"1328","14","9",91,170.638626007349,12
"1329","14","9",91,170.638626007349,12
"1330","14","9",91,170.638626007349,12
"1331","14","9",91,170.638626007349,12
"1332","14","10",81,270.436014348879,13
"1333","14","10",81,270.436014348879,13
"1334","14","10",81,270.436014348879,13
"1335","14","10",81,270.436014348879,13
"1336","14","10",81,270.436014348879,13
"1337","14","10",81,270.436014348879,13
"1338","14","10",81,270.436014348879,13
"1339","14","10",81,270.436014348879,13
"1340","14","10",81,270.436014348879,13
"1341","14","10",81,270.436014348879,13
"1342","14","10",81,270.436014348879,13
"1343","14","10",81,270.436014348879,13
"1344","14","11",68.5,144.375101465651,14
"1345","14","11",68.5,144.375101465651,14
"1346","14","11",68.5,144.375101465651,14
"1347","14","11",68.5,144.375101465651,14
"1348","14","11",68.5,144.375101465651,14
"1349","14","11",68.5,144.375101465651,14
"1350","14","11",68.5,144.375101465651,14
"1351","14","11",68.5,144.375101465651,14
"1352","14","11",68.5,144.375101465651,14
"1353","14","11",68.5,144.375101465651,14
"1354","14","11",68.5,144.375101465651,14
"1355","14","11",68.5,144.375101465651,14
"1356","14","11",68.5,144.375101465651,14
"1357","15","0",98.3,NA,6
"1358","15","0",98.3,NA,6
"1359","15","0",98.3,NA,6
"1360","15","0",98.3,NA,6
"1361","15","0",98.3,NA,6
"1362","15","0",98.3,NA,6
"1363","15","2",1,NA,1
"1364","15","3",9,NA,4
"1365","15","3",9,NA,4
"1366","15","3",9,NA,4
"1367","15","3",9,NA,4
"1368","15","4",22,4.35538789412924,10
"1369","15","4",22,4.35538789412924,10
"1370","15","4",22,4.35538789412924,10
"1371","15","4",22,4.35538789412924,10
"1372","15","4",22,4.35538789412924,10
"1373","15","4",22,4.35538789412924,10
"1374","15","4",22,4.35538789412924,10
"1375","15","4",22,4.35538789412924,10
"1376","15","4",22,4.35538789412924,10
"1377","15","4",22,4.35538789412924,10
"1378","15","5",53.5,95.8606076514092,10
"1379","15","5",53.5,95.8606076514092,10
"1380","15","5",53.5,95.8606076514092,10
"1381","15","5",53.5,95.8606076514092,10
"1382","15","5",53.5,95.8606076514092,10
"1383","15","5",53.5,95.8606076514092,10
"1384","15","5",53.5,95.8606076514092,10
"1385","15","5",53.5,95.8606076514092,10
"1386","15","5",53.5,95.8606076514092,10
"1387","15","6",91,4464.18206389736,10
"1388","15","6",91,4464.18206389736,10
"1389","15","6",91,4464.18206389736,10
"1390","15","6",91,4464.18206389736,10
"1391","15","6",91,4464.18206389736,10
"1392","15","6",91,4464.18206389736,10
"1393","15","6",91,4464.18206389736,10
"1394","15","6",91,4464.18206389736,10
"1395","15","6",91,4464.18206389736,10
"1396","15","7",97,5415.50376291878,11
"1397","15","7",97,5415.50376291878,11
"1398","15","7",97,5415.50376291878,11
"1399","15","7",97,5415.50376291878,11
"1400","15","7",97,5415.50376291878,11
"1401","15","7",97,5415.50376291878,11
"1402","15","7",97,5415.50376291878,11
"1403","15","7",97,5415.50376291878,11
"1404","15","7",97,5415.50376291878,11
"1405","15","7",97,5415.50376291878,11
"1406","15","8",94,4555.78550322256,11
"1407","15","8",94,4555.78550322256,11
"1408","15","8",94,4555.78550322256,11
"1409","15","8",94,4555.78550322256,11
"1410","15","8",94,4555.78550322256,11
"1411","15","8",94,4555.78550322256,11
"1412","15","8",94,4555.78550322256,11
"1413","15","8",94,4555.78550322256,11
"1414","15","8",94,4555.78550322256,11
"1415","15","9",87,6263.90875467577,10
"1416","15","9",87,6263.90875467577,10
"1417","15","9",87,6263.90875467577,10
"1418","15","9",87,6263.90875467577,10
"1419","15","9",87,6263.90875467577,10
"1420","15","9",87,6263.90875467577,10
"1421","15","9",87,6263.90875467577,10
"1422","15","9",87,6263.90875467577,10
"1423","15","9",87,6263.90875467577,10
"1424","15","10",86,5701.27573632274,10
"1425","15","10",86,5701.27573632274,10
"1426","15","10",86,5701.27573632274,10
"1427","15","10",86,5701.27573632274,10
"1428","15","10",86,5701.27573632274,10
"1429","15","10",86,5701.27573632274,10
"1430","15","10",86,5701.27573632274,10
"1431","15","10",86,5701.27573632274,10
"1432","15","11",47.5,16.812103730432,12
"1433","15","11",47.5,16.812103730432,12
"1434","15","11",47.5,16.812103730432,12
"1435","15","11",47.5,16.812103730432,12
"1436","15","11",47.5,16.812103730432,12
"1437","15","11",47.5,16.812103730432,12
"1438","15","11",47.5,16.812103730432,12
"1439","15","11",47.5,16.812103730432,12
"1440","15","11",47.5,16.812103730432,12
"1441","15","11",47.5,16.812103730432,12
"1442","16","0",98.9,NA,9
"1443","16","0",98.9,NA,9
"1444","16","0",98.9,NA,9
"1445","16","0",98.9,NA,9
"1446","16","0",98.9,NA,9
"1447","16","0",98.9,NA,9
"1448","16","0",98.9,NA,9
"1449","16","0",98.9,NA,9
"1450","16","0",98.9,NA,9
"1451","16","1",109,NA,12
"1452","16","1",109,NA,12
"1453","16","1",109,NA,12
"1454","16","1",109,NA,12
"1455","16","1",109,NA,12
"1456","16","1",109,NA,12
"1457","16","1",109,NA,12
"1458","16","1",109,NA,12
"1459","16","1",109,NA,12
"1460","16","1",109,NA,12
"1461","16","1",109,NA,12
"1462","16","1",109,NA,12
"1463","16","2",73,NA,10
"1464","16","2",73,NA,10
"1465","16","2",73,NA,10
"1466","16","2",73,NA,10
"1467","16","2",73,NA,10
"1468","16","2",73,NA,10
"1469","16","2",73,NA,10
"1470","16","2",73,NA,10
"1471","16","2",73,NA,10
"1472","16","2",73,NA,10
"1473","16","3",45,54.8757106293625,9
"1474","16","3",45,54.8757106293625,9
"1475","16","3",45,54.8757106293625,9
"1476","16","3",45,54.8757106293625,9
"1477","16","3",45,54.8757106293625,9
"1478","16","3",45,54.8757106293625,9
"1479","16","3",45,54.8757106293625,9
"1480","16","3",45,54.8757106293625,9
"1481","16","3",45,54.8757106293625,9
"1482","16","4",41,79.1028123494292,6
"1483","16","4",41,79.1028123494292,6
"1484","16","4",41,79.1028123494292,6
"1485","16","4",41,79.1028123494292,6
"1486","16","4",41,79.1028123494292,6
"1487","16","4",41,79.1028123494292,6
"1488","16","5",46,34.6921493530867,6
"1489","16","5",46,34.6921493530867,6
"1490","16","5",46,34.6921493530867,6
"1491","16","5",46,34.6921493530867,6
"1492","16","5",46,34.6921493530867,6
"1493","16","5",46,34.6921493530867,6
"1494","16","6",40,95.0118298650608,5
"1495","16","6",40,95.0118298650608,5
"1496","16","6",40,95.0118298650608,5
"1497","16","6",40,95.0118298650608,5
"1498","16","6",40,95.0118298650608,5
"1499","16","7",50,42.5856905397126,2
"1500","16","7",50,42.5856905397126,2
"1501","16","8",15,2.63386358069729,2
"1502","16","9",33,5.23544574472206,5
"1503","16","9",33,5.23544574472206,5
"1504","16","9",33,5.23544574472206,5
"1505","16","9",33,5.23544574472206,5
"1506","16","10",27,3.32307685350616,4
"1507","16","10",27,3.32307685350616,4
"1508","16","10",27,3.32307685350616,4
"1509","16","11",7.5,0.0468855941608127,8
"1510","16","11",7.5,0.0468855941608127,8
"1511","16","11",7.5,0.0468855941608127,8
"1512","16","11",7.5,0.0468855941608127,8
"1513","16","11",7.5,0.0468855941608127,8
"1514","16","11",7.5,0.0468855941608127,8
"1515","16","11",7.5,0.0468855941608127,8
